Country,1988,1989,1990,1991,1992,1993,1994,1995,1996,1997,1998,1999,2000,2001,2002,2003,2004,2005,2006,2007,2008,2009,2010,2011,2012,2013,2014,2015,2016,2017,2018,2019,2020,2021,2022,2023
Algeria,,,0.05784061696658098,0.04044086313098051,0.0699037152304999,0.0708607886204372,0.09368375327542823,0.09354305425296856,0.10603947192959061,0.11751431074834232,0.12717230596672502,0.1172222650676744,0.12004985966370167,0.12102194813077459,0.10508868309527546,0.11110286989505462,0.11257672644964906,0.09813096949661633,0.09029651977936774,0.08364512428298279,0.07686151793007444,0.08757450616480729,0.0909097961637672,0.10505904073169554,0.10256729213089504,0.13218728590487866,0.1343774160989859,0.1356559584097099,0.15203920427663242,0.14640902205633025,0.13599871090923463,0.14358742080803533,0.15694045643391707,0.1502495608559583,0.126723191708794,0.19335680163272162
Libya,,,,,,,,,,0.11687259469313348,0.14213518635502212,0.11525204653166739,0.10267774699907664,0.06296813507680589,0.052401348765150825,0.04835924006908463,0.048999725952315706,0.05023896854507058,0.03587782865780465,0.028092038848470082,0.030918362659071073,,,,0.08197794549448638,0.07162137205040416,0.10906787784726342,,,,,,,,,
Morocco,,,0.14500213794691316,0.1580369843527738,0.15112961788945883,0.15810920945395274,0.1629825653798257,0.16003961892846438,0.17613953748184558,0.1778011642932314,0.17034282137202195,0.1213568980975424,0.10904244856209921,0.14526589979371352,0.1249913488822756,0.13397430966848703,0.12266548632132046,0.10512856442233588,0.11060904195779477,0.10652542464392539,0.10411118865488914,0.10812033575943389,0.10913528591352858,0.09756431949951475,0.09832848277409567,0.11556215358914615,0.11078307233092348,0.10417621519276599,0.10444783017841253,0.10592541288624464,0.10489648333575195,0.10473610517472623,0.11655205887435326,0.12005266787886387,0.1183592649268006,0.11122039040138103
Tunisia,,,,0.06326852338413032,0.06329051383399209,0.06191646191646191,0.064017895185343,0.06258201466615206,0.06674141797481456,0.06709010840108401,0.0661689961880559,0.061788736504231105,0.061376801832143335,0.060453179769654475,0.058983905837136676,0.06026406429391503,0.05905310300703774,0.06006522383634747,0.060339168490153174,0.051545461998852175,0.051974642961235794,0.05029016090741229,0.05150885150885151,0.05329487111628645,0.05079001384314287,0.050644499178981936,0.06526302424986245,0.07795991235900349,0.08176005553198874,0.07073337200969183,0.06890157358839866,0.08070218917802562,0.07855481244547834,0.07919697946403904,0.07046129479311028,0.07045826052646412
Angola,,,,,,,,,0.060329203539823004,0.13875464190981432,0.06233867660764212,0.2737551733652166,0.12883321607598278,0.10788630672263826,0.09191732490024213,0.1093456471998495,0.11647001444409011,0.13918938680486906,0.12290914735902513,0.08167263888015759,0.06784488351687297,0.1046414628316469,0.10604476554285883,0.08704535906608445,0.086986152300512,0.12025082384033352,0.12887733099451934,0.11479843443189858,0.12399973684499073,0.10414083681545346,0.09503912686509149,0.08523622860812534,0.07462364416983276,0.06679816567571736,0.058412652280268346,0.05528156216330179
Benin,,0.10465183140704963,0.09239343991065703,,,,,,,,,0.04516935424187355,0.026394731794642287,0.02317345130609834,0.0407497852552427,0.047291185753992555,0.05061166462205203,0.04816420068791412,0.051186555578338615,,0.045634751940547606,,,,0.04931580266763483,0.04614196726438699,0.04927569782945138,0.04398737501840972,0.043661346287300486,0.05176336052451017,0.03822926118816864,0.03241634178037687,0.02405548085933635,0.027745403576507795,0.031820901337117895,0.03753952777484979
Botswana,0.09937681159420289,0.09505621844882974,0.10182136602451838,0.10327772835112692,0.0989727200843437,0.10114545863309352,0.10226978095663836,0.09059052403467298,0.0772697205225732,0.08009499726626572,0.08556251397897563,0.07521580663725301,0.08169209431345353,0.08986357984053837,0.09004296626352641,0.09154583435733596,0.08478110797906001,0.08226519963702358,0.08071135430916554,0.0757865689078677,0.06455903271692745,0.05981894150417827,0.06165890100736653,0.06425209475535326,0.061137568735271014,0.06167625209681285,0.06147160034807373,0.07141478745106689,0.09964904486894713,0.0927105988731526,0.08149107472213757,0.08459592098825831,0.08662855718769026,0.08660596927206808,0.08094647942450704,0.07826500148983474
Burkina Faso,0.11991439212069585,0.1601451562006942,0.13144823407697012,0.1161707724574313,0.11246467555279398,0.09415325792576072,0.07961594783259798,0.07087144920558497,0.06463926188767057,0.06992550602757862,0.06342017088061493,0.057581358875259066,0.06244198398040135,0.05877563815104903,0.06051090831779674,0.060974349434695437,0.05958411319264385,0.059449765329873706,0.050750385181245646,0.06198865626664492,0.06685714139877702,0.06286339222888235,0.05655862559197954,0.05631731405633536,0.05188069229287621,0.04893343031228016,0.06079707931924818,0.061436917200314564,0.053871777571104666,0.051953023255813954,0.07949441224487885,0.09527545462392165,0.08787844906760373,0.08368536795738714,0.09212090580899245,0.15105100584661516
Burundi,,,0.17281877484456223,0.16379255757012895,0.11853051930992207,0.13827598661997267,0.2010518721045037,0.16361995737199933,0.20601409260472517,0.2911908101248915,0.28338990356123056,0.24756130399659493,0.1972922447976299,0.23902615768155444,0.22608648619412067,0.15173429065833313,0.12016657909588029,0.13385276196184198,0.09628083864796587,0.0876318413181508,0.06610091066716157,,,,0.06731240998369814,0.07139667164561928,0.08074710954751929,0.09199416213347486,0.09936770120037268,0.08312272046249074,0.08261048566845071,0.09759182270013442,0.07423964695944975,0.06724939520344062,0.06703755620805642,0.10229630805788403
Cameroon,,,,,,,,,,,,,0.08008987510742954,0.07778555574526207,0.0850019680258607,0.08986482052628127,0.08774837173313701,0.09205194398810922,0.09835135471496445,0.09222676948820559,0.07890862131203384,0.08392620438258565,0.08483797304227506,0.06364800919222542,0.0685246125124492,0.060654236567742575,0.05507783563931761,0.05475635379788735,0.05679760474304391,0.05920565524633769,0.05993622791370949,0.05703580771934678,0.05812162471013915,0.057701539956028065,0.054995185032329065,0.05625886215064336
Cape Verde,,,,,,,0.015876603197920783,0.024451507074020915,0.017916221306051815,0.019345690266383067,0.023345278246205737,0.02081909891081548,0.02738343537643814,0.024266610061558058,0.01826929709595089,0.022340846184262554,0.01945736697341166,0.01936060671455437,0.016936996579499063,0.017784694047685214,0.019876309912386186,0.014689041578576463,0.012642131839374897,0.01572052401746725,0.01602270330386761,0.01566938971648246,0.01773926341276921,0.017775061614603162,0.020641445694865583,0.01681427264409881,0.01764411381024574,0.015711614786630367,0.017871650396383415,0.017752555265034463,0.017146164401046653,0.017446455876636
Central African Republic,,,,0.0679529359281771,0.07033569046336516,0.0717623542182391,0.05606249527695911,0.056391336429532535,0.10310862846849228,,,,,,0.06533857549057465,0.1029338930685597,0.08831407446761412,0.06745184680681413,,0.08460877677507551,0.09670632418651827,0.10925671158197901,0.13963186026429983,0.14468215910488136,0.1174574127398477,0.21150049578803498,0.11265692114193503,0.11281428571428571,0.12143407570174032,0.09690401362665835,0.07611080944025346,0.10583758930904807,0.07403313955512236,0.10923092749130045,0.09696503066803379,0.12719932230282574
Chad,,,,,,,,0.07674714884342046,0.08775566611387507,0.06104391385885641,0.06196433463349727,0.07215531851818704,0.07480314960629922,0.08707482993197278,0.08526578665715304,0.06837115771330077,0.07928071311071389,0.07228124243726324,0.21501807184480343,0.26293714180982525,0.31312577981242184,0.3295831325984074,0.23670935195964302,0.22398168908819133,,0.2452239744185411,0.12769710772633325,0.11007613529173965,0.2113650438454118,0.14766433454052907,0.17200972643485088,0.14932422455201647,0.15417935589872953,0.1494797518440721,0.14595811023399857,0.1534098233853294
"Congo, DR",,,,,,,,,0.14933333333333335,0.12669735327963177,0.03471208434712084,0.12164572355087151,0.08847749176528,,,0.09586876183036386,0.17939047109452233,0.15823342522454062,0.15669636520555946,0.1259631705668616,0.06927662341683956,0.05262682746791145,0.053497942386831275,0.06608048972810941,0.08259880779712564,0.08989948817530975,0.05139211741188574,0.07518945498119912,0.07364426580546805,0.07423496449764559,0.050951799884487975,0.05209112202858573,0.05807707336429853,0.03428104067364765,0.03251998790071819,0.0696315015321446
"Congo, Republic",,,,,0.11686595387221718,0.11097587169757285,,,,,,,,0.06163423139051125,0.06607581019294459,0.09004176386236429,0.10005180478737183,0.06861640554706211,0.05893059080183429,0.06704591798516842,0.07408292317739444,,0.07229489021822677,,,0.0482282197624506,0.08114016707177381,,0.1184026286059796,0.11948005055064091,0.11127919484238726,0.10650055746764266,0.12322917713252285,0.11179079783433013,0.08351348900932846,0.08891157652190013
Cote d'Ivoire,,,,,,,,,,0.03804306920342881,,,,,,0.07943025792377775,0.08113900796080832,0.07781779535927259,0.07513705256368915,0.07753836924461331,0.07551309594551356,0.08700912440779084,0.07791551696153222,0.07630883417813179,0.06818567264445047,0.06274781427221172,0.0701849128540305,0.07537628635346758,0.07086409961533886,0.053337136441015606,0.059178389362857596,0.051614785352705285,0.04728266753274873,0.04283741885476214,0.039179417150305706,0.03970674880770743
Djibouti,,,0.1622224177887295,0.17670619895484557,0.1436193222782985,0.1343930284072929,0.14380944852844307,0.1568639141451781,0.14936266447368418,0.15045912511159293,0.15397592706744964,0.14991022773805399,0.14362191032169916,0.1532119808042363,0.1697274320016084,0.18330740164480996,0.14952814252573254,0.1718366642951081,0.19220268646936772,0.10909624413145541,0.09107965301912915,,,,,,,,,,,,,,,
Equatorial Guinea,,,,,,,0.003896134539040979,0.014456475173670902,,,,,,,,,,,,0.07627768589681228,0.07451529843747336,0.062110612833861475,,,,,0.024247742786635176,0.025051996222944992,0.04455638959791484,0.056251054971023465,0.059012003693444136,0.07786350307538263,0.101501321436602,0.10484769817349265,0.07746100650353693,0.07532943851884748
Eritrea,,,,,,0.41003802281368823,0.32617100371747215,0.31093623890234057,0.3829509493670886,0.254801124949779,0.47724919891545475,0.41884767463754474,0.4979143305673918,0.4805102040816327,0.44471682163989856,0.4636614535418584,,,,,,,,,,,,,,,,,,,,
Ethiopia,0.260116492949111,0.28223133286810886,0.30771634160196937,0.2258403794596824,0.17017835909631393,0.15697451619084113,0.11454750493374682,0.09008002866698518,0.0787914459485972,0.15098332834181893,0.2880473163841808,0.36165394072731977,0.29530377094972066,0.1923351969834872,0.1484201690748846,0.11977110300364835,0.13273374184621467,0.12064545010581149,0.10271211914195928,0.09079661445884767,0.07943088564425024,0.0692352961539793,0.0613303427490012,0.05983661557796973,0.052159270839194,0.0454170429223863,0.04395003019323672,0.04071486697408852,0.03816043831636959,0.03754497084857641,0.04011659914456318,0.03777489984386536,0.036054792388216524,0.03565651152657649,0.06850633610859196,0.07537117491287318
Gabon,,,,,,,,,,,,,0.08334636956036713,0.06445375443119562,0.0693237988601487,0.0785105428443248,0.07728101763082822,0.060126429571008055,0.06068761473612917,,,,0.08105524057755666,0.06625243497495077,0.06763386265562933,0.046260038494723564,0.04819175541630371,0.05325159858373408,0.06625616848783927,0.10000063682504506,0.09069553863166377,0.09086366383117185,0.08682158113540318,0.09285875536157724,0.0813010840019342,0.07273602212241431
"Gambia, The",,,,,,,,,,,,,0.03452477660438667,0.025295663600525625,0.02964426877470356,0.02548055431381314,0.016223776223776222,0.022435560231457128,0.018852459016393444,0.03174291327532978,0.09512987012987015,0.03408763072484674,,,0.04129983867250518,0.043921384017888664,0.0625564681724846,0.05153021187549046,,,0.032992657154796726,0.033589504454342986,0.03246168590535418,0.03634863975817923,0.030966438507396776,0.026410652867722244
Ghana,0.023015,0.022614814814814813,0.026488235294117646,0.03310869565217391,0.025635211267605637,0.02333333333333333,0.022176073619631902,0.0241077868852459,0.021492307692307693,0.022337649880095924,0.02629940594059406,0.0278274647887324,0.034400620347394543,0.017894980694980696,0.022783825816485227,0.023367088607594937,0.01884386617100372,0.018883479389808507,0.017044523575638508,0.020589139165357078,0.01663369760686125,0.01926343775286094,0.014219698198929091,0.022286612984398588,0.02699260183617078,0.018562642029579406,0.02313195070634205,0.02109775008045876,0.014650655921609928,0.017784975977145824,0.01559573511166253,0.015287184027734478,0.011137396359632077,0.014065236078830909,0.012490530153903927,0.019150304983312234
Guinea,,,,0.10500592963244043,0.08783118216922024,0.07246176779108929,0.07717099404164132,,,0.06690703638999368,0.0849646184142887,0.09901630020294463,0.08992161254199328,0.15361410628192812,0.1674515055946775,0.11968752239661722,0.12416760577809649,,,,,,,,0.11409619856606218,0.12605953614986215,0.11102225829914286,0.11601511122373054,0.11663241976094695,0.10174823134037213,0.10416253207470517,0.09835496430889033,0.08632945190111055,0.09958547945024099,0.15797694681872926,0.1381700648337288
Guinea-Bissau,,,,,,,0.010826025765941324,0.019651073619631903,0.022940563086548488,0.020443159922928708,0.05628289473684211,,0.10383444265932215,0.0786319003504389,0.0974511096462316,0.07977176715861085,,0.09394661021932145,,,,0.07522893242146748,0.0983298756389008,0.08756951432657169,0.17987829439521233,0.15762634649580437,0.08248636300060609,0.068780630981147,0.06163821578627487,0.0722637371169038,0.0700714340944643,0.08078847222816095,0.06347447647563581,0.05966820017765263,0.06766292333539659,0.06407470983531928
Kenya,0.1001394104287995,0.08979132061782844,0.08862438013935095,0.0762387533757925,0.05885520939435449,0.053308871479623335,0.049752617563396474,0.054098672931614696,0.062131402295336716,0.05755246937660919,0.05433006578706345,0.059713054510700365,0.06453205498795156,0.06994299202982095,0.07181656163927996,0.07179681372925925,0.07379583988060642,0.0741092217378381,0.07317586946306369,0.07455308669614373,0.07468208114004066,0.06733091605582225,0.06359202632088252,0.06858141834283067,0.06740804024870663,0.060067269116991534,0.0512034357468412,0.05049655248093349,0.0492144107821081,0.049171498421678735,0.04937759971977757,0.04559727782225781,0.04469858342867466,0.04485457799750043,0.04430270228074056,0.04114340089842671
Lesotho,0.08923611111111111,0.11295238095238094,0.10873913043478263,0.09305135951661632,0.07732102908277404,0.06936720997123683,0.06881559220389805,0.07777604491578291,0.06870067643742954,0.06139740018570102,0.05602223032069971,0.07081632653061225,0.0844484269215452,0.06587340529931306,0.06009180996793938,0.05778894472361809,0.05594646799116997,0.05134486071085495,0.04558964067278288,0.046519144704127297,0.028550669699267124,0.039893722685736994,0.05517544795221844,0.03668997567755385,0.03584549778579629,0.03339164622709566,0.03770945650590121,0.035758084537526255,0.03639927596686729,0.043913987290001885,0.03831067686207873,0.03523524612455806,0.03412066097966629,0.02894917764027712,0.027628719440927246,0.027290077375762858
Liberia,,,,,,,,,,,,,,,,,0.041513761467889904,0.05344628099173554,0.031711382113821136,0.012422413793103448,0.013522099447513813,0.01608472553699284,0.018108870967741938,0.017813210227272728,0.01846593673965937,0.01809760479041916,0.014053191489361702,0.0128911149825784,0.01263917525773196,0.011446781115879828,0.012409943714821764,0.012965829145728644,0.012034514925373134,0.02844306220095694,0.03436915887850467,0.03505
Madagascar,0.09026220879227995,0.061554081924040986,0.07232834773734732,0.07908867988949932,0.038417960647518276,0.054523204367881016,0.04690007678085857,0.04882508067301941,0.06964000832350697,0.08528125278957369,0.06767826566123145,0.06801936268501027,0.06645312922481748,0.0781128945521497,0.08671644710956167,0.068702757291061,0.049560382851523324,0.0502325926888829,0.04563053097345133,0.059750862951273895,0.0612871177067267,0.05901086198983495,0.046432460491856384,0.051755500805861845,0.05147431648432748,0.04554833559694828,0.044317197093211615,0.03994648538861636,0.03701487970311207,0.0338782788414991,0.037077498261247226,0.03550056825501703,0.04115875491482617,0.04952727586829686,0.037694681450645355,0.0345481167276877
Malawi,,,,,,,,,,,,,,,0.021744019138755982,0.018859739723197686,0.026135208959300733,0.04257736420688163,0.030975768763093513,0.0259756400695998,0.028752703511113156,0.03342925495281784,0.026021652494586014,0.027567085272093526,0.028974368989778843,0.039098519983631154,0.031780663320170176,0.023094864888229646,0.022892935000729715,0.025252014864411476,0.03041597738195405,0.03938922727100943,0.03670537519027774,0.030878183066594327,0.03497985376502626,0.0395813642251071
Mali,,,,,,,,,,,,,0.07625128107055817,0.07061101059594405,0.06363547233614329,0.0681910051143254,0.06535268880775284,0.06398599043577828,0.06304140891269895,0.06305500923773764,0.07727228822563507,0.062124814399839676,0.06784247853676745,0.06035626077081298,0.07703293462032393,0.05880714352038132,0.07595185440818109,0.1127179815936928,0.11618669261121022,0.1321340029241625,0.13904255429645712,0.11891116989504223,0.1301778483736911,0.1256876880837756,0.12382092688484551,0.14183349264059983
Mauritania,,,,,,,,,,,,,,,,,0.12467740857123753,0.10646616541353383,0.11000550027501375,,0.11954097826971595,0.12404677592028329,,,0.09816959717182994,0.09928790584787288,0.09194187582562748,0.0840175981623158,0.10297373238537189,0.10449522344559585,0.11223288699292966,0.11442460394313825,0.1311840233256635,0.11965621518382938,0.08221726557642393,0.09608099468496237
Mauritius,,,0.011105687088113254,0.012790969248734916,0.012533474277660325,0.012555284177173411,0.011088541666666668,0.011090555476495423,0.010323653291953004,0.00825765153030606,0.007305919631283308,0.00716240445409078,0.00853125,0.008210103293460174,0.007966087467472509,0.007542600228526006,0.006964678633468443,0.006885977139671034,0.006850601350541415,0.006541728776422838,0.006779531412491588,0.00658230911975903,0.006101347119881677,0.006317707678773408,0.006249765961430445,0.007823345927422898,0.00655648816882469,0.005818641021904901,0.007289472212382781,0.006818974537844436,0.006430709516134337,0.0053491326963981106,0.004952151966175094,0.005558568329718004,0.004750009007602416,0.005240610358819808
Mozambique,0.11129568106312293,0.12478813559322034,0.11391304347826088,0.10751565762004175,0.10114632501685772,0.09969657563935848,0.10736944851146901,0.05827865688923195,0.06009153993798908,0.05210011816521646,0.05938483402700233,0.057607915104125114,0.05429252270238939,0.04313822342965341,0.04830162784491632,0.048791789661563806,0.055047888208509976,0.0413283814130247,0.029990338958663078,0.030340308313514808,0.030423708533995397,0.026757130828940847,0.03265379321041509,0.028135789199400688,0.02964746358576032,0.028950269513049305,0.02432355199942848,0.025707816442640724,0.03200838064218043,0.03399056920419474,0.042230351907725304,0.04957705729051636,0.06186555484760944,0.062128647499953935,0.04551344158784528,0.056261352929651065
Namibia,,,0.20209059233449478,0.15434362934362936,0.11522867337009406,0.06851464435146444,0.05611820199778024,0.05833136931416451,0.05527079303675049,0.06582991803278689,0.06583911862360398,0.08685147849462364,0.0778847321753917,0.0880922165820643,0.08702383186338901,0.08371804736257162,0.08827741407528641,0.0946420269642027,0.0945974798739937,0.10009183737002676,0.11049128447279852,0.10557404326123129,0.10501537348525955,0.09291452720244621,0.0903661272232014,0.08369995331569705,0.10350881084630265,0.10367755441259487,0.09508734171449394,0.09246836556704818,0.09173480944345631,0.08813115781710915,0.08390537006544811,0.08203173766489576,0.07986696583863302,0.07478684494543711
Niger,,,,,,,,0.06430733313295542,0.0667266456740141,0.05878244674659528,0.06133811456072474,0.06224244505494505,0.0667326215187038,0.07411540012135379,0.05178384559783371,0.05193107330270731,0.052579049610064946,0.048280731522852414,,,0.04383545641551691,0.041034369112561676,0.05980892340688265,0.06262796503382626,0.0950962849885509,0.05083726254923647,0.05696345767325558,,0.08298355936055761,0.09276835533948401,0.0847799803364069,0.08892307126617109,0.07749393858900523,0.055948447288548656,0.07286514715730343,0.10225349680538766
Nigeria,,,0.02234160911706041,0.02113952083752768,0.014702571481709883,0.017996069175739426,0.02348548355314793,0.03869423538808937,0.03666871310733303,0.03197133997737742,0.03488012642347706,0.04071967998277934,0.021968169885617853,0.02528795164882449,0.049240772022164446,0.02459310085656157,0.02677237484535693,0.022312249476895155,0.02828496565399051,0.020422829447647697,0.034012644964214044,0.0327818978939605,0.032499445861782716,0.033486712205461754,0.033861584810117175,0.03320592034069885,0.031028480644914955,0.0377967063844111,0.044356217689031655,0.0359175064073856,0.039544165776357575,0.03666734108974706,0.05231576309450279,0.075918281152075,0.04517335146159075,0.0552490050899901
Rwanda,,,,,0.178080341059205,0.19769508980567646,0.21436630312147423,0.21327799633968844,0.23720310253261542,0.21143951287240123,0.23130825226205864,0.16759672503584708,0.16259056430490834,0.15175237865831626,0.1270681252483842,0.11423574873776549,0.09704422851877073,0.07686701088387875,0.0798493208828523,0.060944438318815596,0.05815269325554494,0.05944827215633741,0.051055878094127996,0.04435095800460626,0.042426104643614494,0.04032526349215951,0.04013294154196655,0.04565669351041647,0.04936705550034001,0.049772865008779796,0.046823747087578235,0.04246526547576869,0.044043915457605796,0.04790991710891651,0.04493808935470956,0.04554163778036539
Senegal,,,,,,,0.08766129917745177,0.09299792769974671,0.08234261501210653,0.08583523390537437,0.08737672583826431,0.081226828446242,0.07435940378496064,0.06743223394311658,0.06872961145736639,0.06485368663594471,0.05892864550923045,0.06055312551907425,0.05972015068809103,0.062222409265369344,0.06170261701600452,0.06325579945123473,0.05600831961175145,0.05564640487717411,0.04847222289275869,0.05666295237633835,0.05252699267499845,0.05269116409071871,0.06685688925051315,0.06548810545341682,0.07391374916256294,0.06302529367612882,0.053101248081158646,0.06796021969439556,0.057222276704477354,0.0550364051919078
Seychelles,0.0915966386554622,0.0827896512935883,0.08741721854304635,0.08488372093023255,0.09325044404973358,0.04527665317139001,0.03840255591054313,0.04295719844357977,0.03545331529093369,0.0369864428663654,0.028551724137931035,0.03171841541755888,0.0303030303030303,0.03797070884592853,0.029779842080817465,0.03885949441504996,0.047557003257328985,0.04111675126903553,0.03245927138763815,0.035044796691936594,0.0426123936816525,0.0317877969762419,0.02134321719792439,0.02354255783500655,0.024264049955396966,0.02742894910773298,0.06810717372515125,0.040613414223120994,0.04074797655595869,0.04115812313534038,0.03689272503082614,0.037507703685443115,0.029849663827879874,0.06363315859800596,0.03757172534441285,0.04430108991825613
Sierra Leone,,,,,,,,,,,,,0.15355623636243415,0.1435981726330038,0.10810621000943356,0.1091169398086401,0.08748735843920273,0.07911225393666463,0.08935674982586199,0.10398783773584454,0.05839331417259573,0.0615719441306923,0.04807692307692307,0.04026250572323524,0.03849892491050848,0.04113613957070381,0.05515834854914812,0.04452288136539815,0.047814410010615815,0.04522714663790653,0.03411002375736276,0.03161995344247945,0.02135017918425904,0.02249525660604378,0.023329523918876816,0.02346325712833718
Somalia,,,,,,,,,,,,,,,,,,,,,,,,,,0.22264957264957264,0.40441610738255035,0.372912,0.34821897810218977,0.259718487394958,0.2856791044776119,0.2284076433121019,0.20795889830508477,0.2413673913043478,0.15794125,0.19788275862068966
South Africa,,,,,,,,,,,,,0.05504553497303961,0.058831112695174756,0.061590163175098925,0.05776435654725002,0.05335142006614628,0.04911666439309788,0.046778671195711066,0.04333121675769686,0.039964475367576156,0.03828540204183781,0.03548255698906564,0.0357308113747345,0.03611365306422378,0.03555153698968187,0.034851744905535845,0.03338174639479861,0.03246705350118017,0.0315996966399578,0.029674684006134364,0.028108362542965056,0.02764015293188713,0.024777712427345697,0.023650064358436994,0.022108956022383587
South Sudan,,,,,,,,,,,,,,,,,,,,,,,,0.28973603437691836,0.2774066673010436,0.25931877181989077,0.23677232363098175,0.25924600990643915,0.09006039530979128,0.06243619771805119,0.09825009894996624,0.07931460604457852,0.05473218301642037,0.034264132228958015,0.05796970396593299,0.08636858772935073
Sudan,,,0.17096774193548386,0.11728395061728394,0.11776315789473685,0.20757575757575755,0.1937869822485207,0.16087824351297406,0.13641025641025642,0.12930310663308145,0.30544177881802226,0.4775528169014085,0.4315518719634181,0.25031164298180003,0.2534763607469209,0.1486196538406523,0.2820128668370494,0.16766113310096298,0.19340245626162636,0.20850609588680216,0.25258447439353104,0.2907983895354127,,,,,,0.21916781007690098,0.2283947290414724,0.2564547375836562,0.10563912724989535,0.08732531901136169,0.09096010042334626,0.09495771523637876,,
Eswatini,0.05584507042253521,0.053629976580796254,0.06323024054982818,0.06323319027181688,0.05836585365853659,0.06812390158172232,0.06644307469180566,0.0749102656137832,0.0639747191011236,0.0637466307277628,0.06549263351749539,0.056836991723641594,0.0571993937352644,0.049648093841642225,0.0485678391959799,0.05676263219741481,0.049657904213179685,0.06482687692835105,0.0648674087412015,0.05878505933117584,0.06062032144429767,0.06335565842608096,0.07478974769723669,0.08744635193133049,0.06876906016079845,0.06562845631221362,0.05731418370658878,0.05273987001448109,0.060978496859335284,0.05566128877595052,0.058644120635507106,0.05645227560050569,0.05666315695147632,0.05779477419051647,0.05426902477125641,0.047246870153939254
Tanzania,,,,0.1268485364247981,0.09864934176782356,0.06921401380208864,0.0636069751729682,0.08602718914254609,0.09574897429319773,0.09897170309034371,0.1028513742902679,0.08550597737710192,0.08859348620695306,0.09657844714139495,0.07881702053703328,0.057580815101422836,0.048113057297274844,0.04435202005266641,0.044322881392567404,0.04274098276688201,0.038613755134841055,0.03867417877719782,0.045242988765218733,0.047459880315950186,0.046677396113300997,0.051744095320737656,0.058753345368021986,0.06363376810537362,0.06467471915078926,0.06370744071605192,0.06371793274026319,0.06139336909470744,0.0617580665007146,0.06099350650932337,0.05926394994922114,0.06026804553064382
Togo,,0.10764753774596342,0.1086618012520054,0.11482532363894307,0.1351604250275519,0.15493726132024002,0.11345805672902835,0.10844230376520128,,,,,,,,0.11396867284685334,0.09870936198537944,0.08153963499711644,,,0.10088759267163022,0.08203861159608462,0.07943379294385904,0.059861872099496796,0.060867044685974314,0.05872369760036766,0.059412384956846614,0.05313613341806767,0.059040903878010455,0.08602319801159901,0.0790455880248823,0.14726792905441746,0.09361417088419172,0.1094926902907993,0.15940409117830187,0.12718073494633436
Uganda,,,,,,,,,,0.11979899537301134,0.13474107362286275,0.13876857470495485,0.11962912243490079,0.1072320611508855,0.10068959132702504,0.1061149765238237,0.11693925772625112,0.12016572864853753,0.1133406017699115,0.10880343143023835,0.10745084373735796,0.10357126720815217,0.1598836683317069,0.1675729196297674,0.08669320326073483,0.0697706346980744,0.06907922381079429,0.068255042283909,0.06934086691368184,0.06738453716901426,0.07409650250870796,0.09375444935800305,0.12090186408942132,0.11536221655718058,0.09655747916773388,0.0957629023811651
Zambia,,,,,,,,,,,,,,,,,0.06792889145830323,0.0745748502994012,0.08194674621588774,0.08294227852618433,0.07978397426076299,0.08095549263050897,0.07653020554574959,0.06747653478241344,0.06214049154610424,0.05659863571349983,0.06716087598425197,0.06341420118343194,0.05973465875026592,0.05210966210283262,0.05183428773603449,0.042108376583514705,0.03425508050200041,0.03220063885450867,0.039603775616408855,0.046915668104261225
Zimbabwe,,,,,,,,,,,,,,,,,,0.09266572637517631,0.23266187050359713,,,,0.04512993572084481,0.06055477570949039,0.09114318442153493,0.08930896344516775,0.09232505643340858,0.0919397119843788,0.07363047501542257,0.05542350260416667,0.05607096171802054,0.055046195652173904,0.06872332416389171,0.07722032732995654,0.04896715593853549,0.013805273398489472
Belize,,,,,,,,,0.04699631268436578,0.05399425287356322,,,0.0270061669829222,0.024602846534653465,0.02584137788778878,0.026601010886469673,0.031204440789473688,0.03394916798732171,0.03650234026745914,0.03654468791500664,0.0494524108322325,0.04410609833971903,0.03763742331288344,0.03585174418604651,0.03597901891252955,0.0366953044375645,0.03754359095193214,0.03216578303425775,0.035049051654560126,0.03677185007974482,0.037922278635255886,0.03726155606407323,0.03835714812085483,0.0427254,0.035890764094955487,0.03584215785907859
Dominican Republic,,,,,,,,,,0.058199295965339834,0.060496287807065625,0.05972964342735498,0.07309434030346221,0.08148945532262626,0.06427399977115832,0.04436511748189744,0.03967182597653963,0.04945189084261735,0.04031981965127591,0.038455365845460956,0.03787174176403924,0.041344294348939936,0.04159205011718725,0.0377651509784195,0.03301254893321358,0.03311235567418156,0.03832026427643669,0.03858697684856192,0.037352098495138084,0.03903296398465071,0.042441646417789566,0.038607639208467555,0.033777134087818315,0.034914518757258484,0.03608799951677066,0.03915255965735264
El Salvador,,,0.2142309678319726,0.14900122034096472,0.11127175510348611,0.0942314203779843,0.07529925590423812,0.06741322399298572,0.05497553380782917,0.05893473937617752,0.05255129262995905,0.05175629276843287,0.04468434019623381,0.05659333549013264,0.05671694142406173,0.04277027027027027,0.04338983050847457,0.040309372156505915,0.03793379604911906,0.042647437548287405,0.0391845979614949,0.04156270518713066,0.042575725481889426,0.043046615954749366,0.0383025956284153,0.03790296840089371,0.03749599230522603,0.03898331759521561,0.03727231672437152,0.037620764239365535,0.04152946151677474,0.04336888159693738,0.042206676485027,0.03821084664710357,0.05002662302236771,0.046557208825038485
Guatemala,,,,,,,,0.11538243523652318,0.09505635537102738,0.0695693696822365,0.05761422955468196,0.04880392994446817,0.06412349555206698,0.07250433722511371,0.05495319639767534,0.053909543158774165,0.03574504737295434,0.02798245614035088,0.029432697725452987,0.027901128885559897,0.031190682691116346,0.027525223638152324,0.02827735868554304,0.028724935060081103,0.031771511207519886,0.03367656901611491,0.03123366053371479,0.032266951628792305,0.03505548509828789,0.030040876997398734,0.028246070058175518,0.03199684352923493,0.02829603652343124,0.02900983723047543,0.032355333598168855,0.02981787034532504
Haiti,,,,,,,,,,,,,,,,,,,,,,,,,,0.0019109061472795958,0.0024309666191097757,0.0031367423623590916,0.004667310304567959,0.004268232263178755,0.005433751536297873,0.008962481660029345,0.010289319345778954,0.016532780513086293,0.00828947002519452,0.006740394050718115
Honduras,,,0.08308248043347381,0.054380664652567974,,0.034520367936925096,,,,,,,0.033030675887818745,0.03281786941580756,0.030183666397135264,0.03775388607896619,0.026726457399103138,0.027170254944447008,0.028385763398978556,0.03174033342673018,0.03612305561167066,0.037913648811199546,0.04060176007878689,0.04365986269179376,0.042942343836954125,0.046644337487877593,0.043155083947083665,0.05194564546016059,0.055931691655129755,0.05919409100563903,0.0569541177096071,0.060841804480857735,0.051626649335360764,0.05207353130222393,0.060960659034151723,0.0585942210778812
Jamaica,,,0.031370165121013344,0.02968197879858657,0.053151672716570196,0.03704620462046204,0.02844455052509924,0.02267032786286048,0.019874891098242198,0.02248087140723935,0.018669518693642983,0.0171161654427478,0.01797361626980699,0.017230919607082847,0.018376805310029685,0.017441002340630594,0.016566845211796886,0.017562262357414447,0.019046707503828485,0.0201485238276224,0.026997061579081848,0.023943014487801867,0.02592130782368919,0.028469190856961448,0.030593331980895564,0.032572662444780666,0.03208053271703088,0.0314252691439486,0.03340448906936641,0.03341508921293362,0.04469117445174224,0.05629769145591207,0.05278262209648834,0.04638579471880612,0.04126881580118757,0.04057578641755113
Mexico,,,0.017188091428917498,0.019685254049415384,0.02243205987391202,0.02195257945463718,0.025136429792705844,0.02180090975673896,0.020941924096355567,0.02012036572752857,0.02084316593466079,0.020870348731958595,0.021072205722351283,0.020754488546467633,0.019795973761592398,0.017982355888595508,0.017025394392622146,0.0160902571956644,0.01378733318329207,0.01701044949411179,0.014081100723561123,0.01804494441847945,0.016359345347196314,0.016805132885747535,0.01687064876165465,0.018285346509251597,0.018379661169519577,0.016972400531075352,0.018099553921711076,0.016981616310314553,0.0186069887441298,0.02016139528214631,0.025832175230649224,0.02471172842193057,0.02404924214523154,0.0236916156773443
Nicaragua,,,,,,,,,,,,,0.029336734693877552,0.0274002471109819,0.035604647826710654,0.03176484603013877,0.027052335865154507,0.025382290184921764,0.025816748768472907,0.024753552246923653,0.022947906253471064,0.022109322078057422,0.022377109317681585,0.022367400744416874,0.027648211086741783,0.02803858912322347,0.027863651949148065,0.03060839954597049,0.023920095947779243,0.02298428160283374,0.02270293122886133,0.021738419852909557,0.02156820928414019,0.017972512238156515,0.01889237160357114,0.0201698948242296
Panama,,,,,,,0.048627828598940784,0.04339622641509434,0.054555256064690034,0.04985213350232362,0.0375858330321648,0.03821917808219178,,,,,,,,,,,,,,,,,,,,,,,,
Trinidad and Tobago,,,,,,0.01808312192210118,0.018940694756306962,,,,,,,0.006271645021645022,0.008724303416660698,0.013233736291126622,0.02506948814768198,0.022605631217649864,0.019669677767291355,0.02209046899485113,0.01850163899756794,0.019158776322407117,0.020883800801373784,0.019264124933130324,0.021079650315687228,0.0235920338483414,0.01955082364341085,0.021502152008541303,0.028657190036606713,0.027511574074074074,0.023011119302125564,0.023638461071421344,0.022558670271117378,0.02829634333172069,0.027870037807183366,0.028212237423991156
Canada,0.043408265593762145,0.041868890109998586,0.039819086372728116,0.03598794930396842,0.034569850144076944,0.03444890847863115,0.033695164930287194,0.03172712868194402,0.029789527069861797,0.027908569688974576,0.028155809481818964,0.028973150138346254,0.02747572425969023,0.02757412335895517,0.027649482868395348,0.0276081510533127,0.028215115144605094,0.02874060682426201,0.029035221284516563,0.03078451538588119,0.032121368229046696,0.03172574510651707,0.02773406684079803,0.02870198258879484,0.02732734780771432,0.02508379902966775,0.02579913567408538,0.02880447132169889,0.02856611558734347,0.03341695486746612,0.03240536015611422,0.031646304257310715,0.02657634452915722,0.027636403924192525,0.02886059864866037,0.031236509339361288
United States of America,,,,,,,,,,,,,,0.09561487583593502,0.10278263598743169,0.11299431596250853,0.11969664901387239,0.12055097726681814,0.11997477314091586,0.11788207114279946,0.11973804635966848,0.11779477603845967,0.12336290345497367,0.1243430687096081,0.11990466553574794,0.11252126663850441,0.10418030994088093,0.0989265981173922,0.09626808899574371,0.09367406742764281,0.0934950464124848,0.09549710651910998,0.08246694000360212,0.0803866831515345,0.09323326400623944,0.09055286779098046
Argentina,,,,,,0.057798007557540367,0.05681439520159946,0.05762845490243644,0.04893382779001043,0.045149687643670396,0.0439388451986755,0.04285201193911546,0.04069803677157994,0.04007102469493382,0.0446885679494062,0.04307951562550636,0.03835481561045471,0.03468317778027662,0.029614274468643398,0.026820039009593944,0.024795141068489894,0.02567768619978136,0.02442821629461789,0.021898146139291357,0.021314359781616096,0.022278525248995283,0.02260062615577452,0.020551243118595627,0.019489536074930484,0.02061588086612952,0.018801408325628287,0.018350735946219172,0.017281658897505908,0.01667720770742929,0.018414006138978346,0.012523151914431917
Bolivia,0.08428295503165205,0.088353546647689,0.12364506022539613,0.11118309554690875,0.09924392876416623,0.07050541516245487,0.08407462484791133,0.08131167268351382,0.07627902219494734,0.08039568650759957,0.08978480832264499,0.07264762039459728,0.07037180582014058,0.07261480488917331,0.05978313257855969,0.06706810420491845,0.058635059342362336,0.051745130780186235,0.04914624436906328,0.04560288465972945,0.06209328068378474,0.04917323993945233,0.08841456578286896,0.04763315491824477,0.05121241888164039,0.04791051933675598,0.04385245129001187,0.03945776770692368,0.03832963090777067,0.03980632445016444,0.04035395917572095,0.04023959048284388,0.036655939330746345,0.038540658749049946,0.027425303369472548,0.04202806764361522
Brazil,,,,,,,,,,,,,,0.04716664064867446,0.04111151410804882,0.035175331917912875,0.03556116861597593,0.0351470321051351,0.03465131182879227,0.03526327887403636,0.03460007098874982,0.03688548761804751,0.03650950593548781,0.03356255907179871,0.03288531087441169,0.031245757108221292,0.03011769038496196,0.02778264159650891,0.027740885053358588,0.029282405733207128,0.030934046945760844,0.0295418523090979,0.026578251082706967,0.02675633426523557,0.02306578008941152,0.022368652865427174
Chile,,,0.14852841166691855,0.12821056950250762,0.12062973389160402,0.12256249089824352,0.12383228766079601,0.12705792495997142,0.11743708887668806,0.12018749898627278,0.11760579138670327,0.1140736985228032,0.11756078462242792,0.1141891949661755,0.10911094162030638,0.12165518438443652,0.13029948198398858,0.125179149358813,0.13379931411817064,0.12073484179116824,0.1185644954775653,0.09114894060076006,0.09606218884229137,0.09890778902884094,0.08860671759611918,0.08629797504769739,0.08246923725391574,0.07629963279652476,0.07585386107668894,0.07612369668221544,0.0732994437721422,0.0703739588172679,0.07101039571796078,0.04903810612069673,0.05783303622189882,0.06060759808331486
Colombia,0.10860231348184068,0.08877802810857204,0.0910071869210253,0.0897705173084403,0.09748654755526567,0.10802052389954092,0.10204862309660342,0.10676967044744128,0.14841064366528214,0.08958094768236226,0.10932921528130221,0.11143786698973161,0.1148049124589843,0.12162468020259008,0.12251046044671672,0.12445531013500777,0.1309561629647768,0.13035020144563572,0.11588221126514776,0.11669179990264911,0.13145992483681,0.12573385594315611,0.11983156358661133,0.10177851108746183,0.10848140473491548,0.10908138600161892,0.09942863650394944,0.09943169740558824,0.10239267959966933,0.10941483906889639,0.08751924506194815,0.09567413669241334,0.10539924901019085,0.0930593589289197,0.0825542227746112,0.08309943045868522
Ecuador,,,,,,,,0.09844559585492228,0.08013004398546568,0.08789853796019025,0.09697933227344993,0.06494076349275998,0.0625440865271573,0.07762280169799879,0.0819672131147541,0.11219067860938212,0.0947551047644468,0.10743243243243243,0.09568896051571313,0.10646078829744007,0.07563990625430816,0.09456574478408539,0.08680512374082824,0.07841802492809205,0.0682813752372917,0.06057266527919231,0.058977691705293454,0.06056778435853191,0.05825818864600477,0.0581730996362262,0.057918531476474994,0.054818207309094306,0.061082019908751554,0.05996539706248444,0.05714588718764499,0.060620816934605214
Guyana,,,,,,,,,,,,,0.03675305341678539,0.039784231138697994,0.04632872234868383,0.043686844318228814,0.056466138328530265,0.03810141837396867,0.0348319194302046,0.04407672647656597,0.05076618963601908,0.04715912052238529,0.04495563401794531,0.04141939201122286,0.0374887200774418,0.039231323704351506,0.041155063740814415,0.0499497267531818,0.04586354484611983,0.047663928385810586,0.04673756722020557,0.0461603047654169,0.045913155266812826,0.03853490997224916,0.029647278241676334,0.02330417091007959
Paraguay,0.34760388478812176,0.21749239426454112,0.23038180871341732,0.25138564460699614,0.18421478509512565,0.17076252977391707,0.14019625388954607,0.1427033062025089,0.11950425646269378,0.09157301262004058,0.0814038157744681,0.0672762092041278,0.06258557850936333,0.05567406887825364,0.05397543378197228,0.05100375901578777,0.05571235483036868,0.04865106633866672,0.052090923601135326,0.05257227800580402,0.05327967362659786,0.049553538374968537,0.05082442153058672,0.05328546113996106,0.051617462260183274,0.0545833472295863,0.054924050249622894,0.052182352669602375,0.04887614502057792,0.04584629678503273,0.04666613603467133,0.04241138212638734,0.039748638593408006,0.03702558639365574,0.03707419228774445,0.03792583700967193
Peru,,,,,,,,,,,,,0.08326967350355798,0.08463673730849303,0.07919371278364895,0.07570141381583767,0.07129652703835437,0.07952795889348813,0.07704450329183264,0.07013003350259081,0.06252246090815093,0.0711060754048052,0.06982591841904182,0.06976914596483282,0.07293350609105405,0.0758619552958444,0.07032531500776862,0.07726630517873087,0.061950186267954024,0.058689899037038286,0.05488218501543688,0.05603788428582754,0.04796079932940774,0.049546970526820534,0.04878011031543606,0.04917398734581139
Uruguay,,,,,,,,,,,,0.08062599049128368,0.08405492871512288,0.082464219336356,0.08403284147671816,0.07395986342279594,0.0702894166951612,0.06978748553276368,0.06854657484595868,0.060890820545117824,0.06517605151390601,0.0614350410416077,0.06275071514619616,0.05987184546291599,0.05973187449309013,0.05776174259392186,0.05694031069974925,0.0588612823564944,0.05788200803306543,0.06028356380185543,0.06418907442238668,0.060885994713292604,0.06208208868010439,0.06795669606572852,0.061336488431113056,0.06720356351856108
Australia,0.07043515157229739,0.0691501827050767,0.06791905228861544,0.0654926201406241,0.06362019335216164,0.06381093533524503,0.0626089197614197,0.0600408729628834,0.057610816455522275,0.056863016175172545,0.05388234845887149,0.0520876582935437,0.0518288400684111,0.05233755851583099,0.053545933122954484,0.05281482376080467,0.052352248253106214,0.051994972824456795,0.05264887017918991,0.05284417926729805,0.05126110534210222,0.050911828641555426,0.05020280656518074,0.04836930626578075,0.045748480922775045,0.045056173475466595,0.04822670522082936,0.052388676823958466,0.05607469253311638,0.054529542033938734,0.051444620380020845,0.04834401998623239,0.04522401553213878,0.04726654663969675,0.05013207924315159,0.050598473314133
Fiji,,,,,0.07127329192546583,0.07027027027027027,0.07011379800853484,0.0702158273381295,0.05398126463700234,0.04690451206715635,0.04701570680628272,0.04885416666666667,0.07067357512953368,0.06910268270120258,0.05652173913043478,0.05757328990228013,0.0660961695191524,0.05673151750972763,0.0647750865051903,0.0879335260115607,0.062109090909090905,0.06296296296296296,0.05969135802469135,0.05879180151024811,0.05397148676171079,0.05107398568019093,0.05294486121530383,0.030552145915026804,0.035117684653716855,0.05140388007054674,0.04578074673864147,0.0477328699803426,0.046454068834035724,0.044991961838498844,0.04361041358936485,0.04772214025769647
New Zealand,0.045878253804568614,0.04549217509639374,0.04667386211072209,0.042986084994358784,0.03990986109742883,0.04135086362464553,0.04331864904552129,0.044259221726793675,0.04493975603063337,0.04369525859959877,0.042604747453360625,0.041975732600732604,0.041670342272406485,0.04027715785670259,0.03807199511897499,0.03618330835403125,0.03253827312198576,0.030708638664401898,0.03277539266021651,0.031874638646572515,0.02988199808947137,0.030152477991683715,0.02810949010294779,0.027398214963919483,0.0280582138367708,0.02701731142406464,0.02648484431276228,0.026538960900410732,0.02840695450057594,0.029530124260123084,0.03061469578354622,0.03330196724215681,0.03179905715103941,0.027661299552946248,0.027500995622957894,0.029057021979701995
Papua New Guinea,0.04479910714285714,0.045353233830845774,0.05883408071748878,0.04203020134228188,0.03973277074542897,0.039633786178381564,0.053426395939086296,0.04615728900255755,0.05891661939875213,0.053209302325581395,0.04465136422693807,0.03280400572246066,0.03178110129163834,0.025823014195107217,0.01863930278324431,0.018844152287044648,0.02001017035341978,0.020140664961636825,0.01927104309303262,0.022838659086453637,0.017060240963855423,0.018170299036999495,0.017676767676767676,0.018129839189994043,0.02317281592439932,0.017903764420157862,0.01789827876277986,0.020117912511827644,0.018250810492189802,0.01932432432432432,0.016251394570472293,0.017481030121867094,0.016728528714300445,0.015005215836272415,0.014095940959409595,0.01418488215899377
Afghanistan,,,,,,,,,,,,,,,,,0.16134336001725022,0.12689757945461128,0.10360381710746674,0.11948404616429056,0.11165408787601652,0.0986038937465642,0.09354596132890246,0.08302760045573734,0.04696372864714,0.0431176435442433,0.05109792660080327,0.038331421868208405,0.03680251051965695,0.036525920897361806,0.03724855274665778,0.04275736196542665,0.049728253744993435,0.10502659853309204,,
Bangladesh,0.10333773761239122,0.1045006222324228,0.10282006376289515,0.10426560301160219,0.11581631819149184,0.11158320479718298,0.11826078338874088,0.11442357851856265,0.11987275897184389,0.12265468484068451,0.12326891900962554,0.14158162194723045,0.12309697095681635,0.10513968199605309,0.1012357234416199,0.09875972698027093,0.10105151221624699,0.09479220273088108,0.09774356131647464,0.10357515110326265,0.08130350288489643,0.09729387564209403,0.1117228305407727,0.10557017543859648,0.10097716233950725,0.0921386274351678,0.09673474460197677,0.10505974893955208,0.10567240412764986,0.09215898981303383,0.08910624005242954,0.09180077653300266,0.09352788238891009,0.09012938868597194,0.08078478041461555,0.0803525512271692
India,0.1477831486542133,0.13566147153335387,0.12400575535698678,0.10857533996279235,0.10312320028352458,0.10968597054734519,0.10345732533744266,0.10503265781845107,0.10327286718143082,0.10677890571099548,0.1065950993374613,0.11640552493282566,0.11503050861424965,0.10523954748407931,0.09879551814938675,0.09100119239403301,0.10117430192742165,0.10423127197331651,0.09478411783664524,0.08851183549405725,0.088887836430656,0.10314734765417559,0.09864230785432454,0.0959276900676337,0.09272619360434242,0.0929598164191357,0.09504791071329159,0.08830487542422207,0.09079498252333423,0.09389757131493585,0.09102595600905335,0.09319865083731134,0.08761080860690236,0.08147615295149571,0.08053915734158151,0.08145489481169225
Nepal,,,,,,,,,,,,,0.06873319905124053,0.07462490189741931,0.09768130415626376,0.11673965175685538,0.13324492310247926,0.14036861467051823,0.1372883491533966,0.10352090667598099,0.10475101136582546,0.08495282575306398,0.08331248771597549,0.08263327853221952,0.07416966535640035,0.08652327067345575,0.08645813638156154,0.0774278402152009,0.07749282679774906,0.06283020476407856,0.04821523427246253,0.04520250992881584,0.047933626422756656,0.04461973018549747,0.040450044726857703,0.040769145680469014
Pakistan,,,,,,0.2510168883082811,0.27395929207839287,0.2720622553491896,0.24575826986178018,0.25037280786225646,0.23446886334346131,0.23975160161930587,0.2242281700872592,0.24032389106227256,0.22569298135233387,0.2541437247777129,0.2605786254017028,0.24450534687516792,0.21365082535560914,0.1802777777777778,0.16133487069097796,0.169404920996777,0.1683468275387628,0.16980737255256817,0.16089647610579513,0.15927788093244538,0.17343601403786266,0.1800586269750434,0.18088141166646826,0.1758919170886932,0.18772214595530107,0.18399734459404404,0.17178790548243342,0.18361629667003027,0.1593207453195581,0.14450606247449846
Sri Lanka,,,0.07506662392049213,0.09534016233415579,0.1195253037788757,0.12102302006932139,0.12646693682509194,0.19344427585047966,0.19532768835285122,0.17681143259077536,0.1775699179203997,0.16060303607911244,0.18931931411073033,0.15637959276768681,0.1358320914058619,0.1253644524581359,0.13150826359569234,0.1107552818407322,0.115276800556152,0.13867305877683153,0.16440441405347875,0.14557669747822252,0.13530358300591308,0.1352628420714774,0.12091358817860584,0.12517053371297027,0.13510571601521962,0.12543649868540305,0.10866638387577768,0.11054036827745953,0.09888089765820225,0.09007266112904216,0.08393001796753663,0.08600805283751783,0.07253088282970564,0.07024814874911495
China,,0.13206339977678988,0.13747361700649152,0.1425364099482375,0.16867625516479895,0.14796104808065869,0.140883852274478,0.1515792236492705,0.14952756453742588,0.14094969695964749,0.13058234428149187,0.12520642965660184,0.11338743170326088,0.11419886582895773,0.1118910246348352,0.10973807662104329,0.10879790819696311,0.10228755342164599,0.10187312288224686,0.09627726733727705,0.07646508282656528,0.07399291812214967,0.06969117884618485,0.061661830306554595,0.06035395461808447,0.059676313955993945,0.059895426829803325,0.056048905868345565,0.054767263231192645,0.052628668985626154,0.050485011316633716,0.04906763866310284,0.049036908864385116,0.049280810796164226,0.04880599781473008,0.04973826154303467
Japan,0.030196530691323054,0.030812496056949232,0.03068641403690545,0.030674176579019382,0.029852620151668525,0.028362397984861794,0.02763374474540632,0.026970608457500718,0.026462232472650796,0.027342077251538546,0.023904714530534735,0.026152880410736525,0.025479035585500635,0.02647250123189436,0.026569920133604492,0.026829031817040442,0.027513480649224927,0.027354707397951893,0.027316352532592916,0.026718404478656404,0.026617638645020203,0.025150689481740995,0.025143321623733506,0.02523708312038962,0.02476218302921548,0.024254314883184996,0.0249499036483098,0.02539959179788339,0.02496736207398489,0.02489307952457556,0.026198455051303502,0.026605875743034888,0.022840408859028556,0.02381578079135971,0.02505925830475053,0.028216413716788243
"Korea, South",,,,,,,,0.20306080694001147,0.18513583640724274,0.18163955506976145,0.16416625325099296,0.1452650797255653,0.1441778555339458,0.13459630453479293,0.1365655564211395,0.12173438573661213,0.11706778195280748,0.12561495644934884,0.12283547129086853,0.12073649698972971,0.12504092875237674,0.1279445973237614,0.13220324577837633,0.12967769574063223,0.12708434109293515,0.12574946273273213,0.128048847624815,0.12640422658298245,0.1262125187185322,0.12330711915937106,0.12249687909497631,0.1184560580470192,0.11170682829875656,0.10868805949799501,0.09656688011096952,0.11104790889518784
Mongolia,0.13959981386691483,0.1258699837109433,0.09154167310963353,0.0853517877739331,0.0724247614387081,0.04756388493829426,0.05503094779136065,0.055100568493348344,0.056099720211521986,0.051337050839915445,0.0489557089663477,0.05133251012518152,0.06181474032887732,0.05183264247646663,0.0509935856096759,0.045308752048305076,0.04377785113054959,0.04701954674591849,0.04382512418003261,0.037835057438418015,0.03154611090616474,0.023157196475265658,0.0241642294421055,0.022073067255815444,0.025632623217787233,0.025576630779487696,0.026746410210831444,0.028081597428960894,0.021773387549458522,0.023686334945450953,0.02355004926917392,0.021465215191610144,0.019341921582362826,0.017715052783284366,0.01552346570397112,0.017310974224275275
Taiwan,0.2252866045311677,0.161989504905316,0.1841070023603462,0.16482899404765836,0.16083450831029159,0.17165153900257896,0.16446342021508956,0.14756096968637222,0.14837796997074237,0.1378150832367439,0.12137067291438994,0.1262934770123944,0.08238867185743283,0.10957279605570425,0.11103720002046769,0.10618446040789366,0.10627631028785536,0.10231752976816762,0.10147085823864217,0.10539816428579858,0.10901244146950623,0.10346070037575279,0.10160548676691836,0.1022346077897199,0.10521874524006973,0.10021098832621574,0.10085269138127874,0.10545088004962395,0.10133784157224833,0.10234330886504799,0.09926460220525338,0.1039578660023809,0.09796044191807485,0.10319452034444156,0.1114469719813585,0.13639921876853248
Brunei,0.13232583855510505,0.125129265770424,0.14691444600280507,0.15240833932422718,0.13350700097688048,0.11030055442077619,0.09272137227630968,0.09086829706080324,0.1236645299145299,0.13444553483807656,0.12100344318740777,0.10129509713228492,0.09795253606328524,0.09885931558935362,0.08432229856339789,0.10843989769820972,0.06894435351882161,0.08101625220285882,0.08249292285916489,0.08119373124374792,0.08353688324377137,0.08442582144042483,0.07878586217095535,0.0754730608117868,0.06966246441642945,0.0678153360515586,0.0905517941773866,0.08478657649796394,0.08994231079554624,0.0783288442703232,0.08200501359619305,0.09491442953020135,0.10935513169845594,0.11051342525399131,0.09903164661282347,0.10191807432432433
Cambodia,,,,,,,,,0.20673340409443136,0.2418733875769002,0.1985743380855397,0.1818055796222492,0.14688252230141124,0.11728303737112858,0.0900255248841142,0.09191189065122811,0.0935283747594504,0.09143663195811044,0.08053344093196974,0.06349891923056349,0.05189205181785371,0.06437014283730028,0.07142812112658584,0.07272738293737388,0.07131897883934159,0.07482968017955795,0.07662882292254845,0.08887383919129374,0.0904379607140963,0.09247469056284523,0.09589811595656975,0.0922256355297452,0.08766327790921337,0.08107393339861209,0.08419029082526854,0.07708822521107782
Indonesia,,,,,,0.07185353631586353,0.07748692273083162,0.08523856858846918,0.09093321413716922,0.08128694713851789,0.05593688138641803,0.04432297577204517,0.04112527022537353,0.02699516374341678,0.03802433372528258,0.045995901064349164,0.04875839351423539,0.039677308747333134,0.035766849063194266,0.03802328598651056,0.029851797713081284,0.03354352103076085,0.036572728163845956,0.036907965121201675,0.03777643137042855,0.048150555748118,0.04180613379582848,0.05047823402454457,0.04708932684118038,0.052238356113162764,0.043060965568124165,0.04459843187396119,0.047759200699873224,0.04079013802705243,0.04378502687185639,0.03919753577327032
Laos,,,,,,,,,,,,,0.03849150305406242,0.03583830114994478,0.03513531679834773,0.03068455017082121,0.031963398363221866,0.025601792727886076,0.02331582721132439,0.02066220556357072,0.01705606860316494,0.010803989304958486,0.009131616236672486,0.01050684786304549,0.008068877554814087,0.007834076673306038,,,,,,,,,,
Malaysia,,,0.07802364041947643,0.10723321922905195,0.09720272167620693,0.10725504213513572,0.11234027090861377,0.11179091938488513,0.09843881311009114,0.09051564810251356,0.0637701078495996,0.07829959614479325,0.05855511779368015,0.06782679301340665,0.07506399505693352,0.08553217415756667,0.08027416530731357,0.08458174374243975,0.07494448440871986,0.07565083887130655,0.06778747610603164,0.060587141166217925,0.056013499185627334,0.05732662080749929,0.04958118464913531,0.05397014550928248,0.05527346633296599,0.060866365658990174,0.06056320277820565,0.04991752038849715,0.04210998279246746,0.03789397537662658,0.03990589188824099,0.04039438413970646,0.03559666294365028,0.041140114985163206
Myanmar,,,,,,,,,,,0.10483866428776459,0.09765370034245045,0.11204631521227965,0.10623935519067515,0.10067079186093934,0.15023238709194417,0.13727329246657793,0.11863008358958813,,,,,,,0.21512167705003127,0.17926969755970926,0.15937724318821356,0.17768203363200238,0.17451085078354153,0.17537441619837346,0.11220266965105143,0.10810338940600737,0.13814266835060413,0.1761223713431422,0.22208263359202182,0.20681293562567135
Philippines,,0.12483236006952171,0.10014677167263424,0.09774280873273998,0.0969260729164099,0.10749149346677973,0.09668294785987307,0.10516277682642912,0.10119853341412563,0.08257396002737122,0.08089806749872479,0.07546710740374953,0.07484231854448287,0.06765162469599391,0.06918755856103653,0.07324684333665987,0.06756009813523656,0.0681864088876064,0.06886946065783212,0.07102038321669774,0.06991269075022052,0.06259074044200677,0.06377367899201568,0.06698917959580923,0.06250440412788055,0.06865663063209775,0.061974618855464236,0.06119620832442937,0.05499870795285088,0.06002644730715505,0.056626124380870606,0.05208584745882653,0.050047602980397884,0.05172217266048061,0.05084868072629323,0.05024155269675859
Singapore,,,0.29916643766602546,0.2751141552511415,0.29649574650745336,0.27173839376482545,0.3299227799227799,0.2937947965460805,0.2316955877048852,0.30357552405852944,0.29264544671521414,0.31835757879775933,0.27429369190638886,0.2649809520540893,0.30426298408886215,0.3012151824603785,0.3056252688943066,0.33697706303034797,0.30928423582827,0.3922256158422166,0.2795045582233529,0.23406810418445773,0.32200897017707364,0.32628510786765136,0.3140360009863284,0.276009582477755,0.23869056966746496,0.20954950784523926,0.19811163222930492,0.21556647080425997,0.2003252494631805,0.1971423708561425,0.11383828557953071,0.15427588364091338,0.15583361515049038,0.18028739137063574
Thailand,,,,,,,,0.1366623487297,0.12319817845825676,0.10070539235452051,0.07818039718014638,0.06377045685612147,0.08041448118039174,0.07194535441965547,0.055754015888951944,0.06905248995948329,0.0600659647269554,0.051447451356536035,0.05161339342873586,0.05228587900814488,0.0648478998229409,0.07250482465545137,0.070401204726498,0.06548762406134034,0.0641579519865654,0.06129844550654798,0.06223490061883694,0.06173876623484333,0.06401744579005626,0.06321735738188557,0.06235310134667358,0.06057108778625954,0.05773037754124023,0.05217541412700124,0.05010129808547211,0.04916372322406849
Timor Leste,,,,,,,,,,,,,,,,,,0.030481481481481477,0.0628860294117647,0.057609223300970874,0.029824716267339218,0.04117494356659142,0.024662616822429907,0.014780417566594671,0.02224383744170553,0.023608792846497764,0.01844582814445828,0.02370686337395767,0.01424836956521739,0.018396240057845265,0.015484598046581519,0.024641833810888254,0.02917754172989378,0.024166358595194087,0.022828954147346727,0.03211596736596737
Viet Nam,,,,,,,,,,,,,,,,0.07552971444701004,0.07490136349695643,0.06800521381661404,0.07434585618591341,0.0814098583924597,0.07943415021096277,0.07143279339558758,0.07653248849450767,0.0733397400232664,0.07322421446945626,0.07131190917291748,0.08011265619742607,0.07888889375857369,0.08774189843157369,0.08378682748919954,0.08820910974443287,,,,,
Kazakhstan,,,,,,,,,,,,,,,0.04863493226585892,0.04822863826693689,0.04647758682850619,0.04709259514245176,0.04944469168768235,0.05470996293487503,0.042657614636672225,0.04699728437866384,0.04513848519894181,0.04410457703793994,0.047777753253728274,0.054424954984770554,0.04899723419919219,0.048522403511323677,0.04339745137704022,0.0345357645086474,0.04433820563218292,0.050419410055897666,0.03695874059337428,0.03712253404743027,0.023825636032924213,0.020962820027952408
Kyrgyz Republic,,,,,,,,0.04727403924775143,0.05410253920836445,0.056607159673537716,0.044271720543929645,0.05160245468061989,0.06230905661332791,0.051779279501758785,0.05502882346292947,0.0604303229436494,0.059153497336958544,0.0555433052306748,0.05718119475700624,0.04523770508393857,0.0426477990270889,0.044039421167972395,0.04341571992858191,0.037316590715562335,0.04011386020365444,0.042528967696251946,0.04449911057712709,0.04600464774245911,0.04360876636822651,0.04257171233334964,0.046499522377889686,0.044614085265686755,0.049173898072115675,0.08854271196699638,0.08300793226356507,0.10493120407455837
Tajikistan,,,,,,,,,,,0.1021046511627907,0.07933474576271186,0.06212716763005781,0.06401948051948052,0.1101246105919003,0.11729074889867841,0.1072,,,,0.05032149846239865,0.040241160842019216,0.03645655877342419,0.04554140127388535,0.040705272645335744,,0.0409648145199809,0.04016701191092698,0.031201093617422456,0.0306996187238734,0.03396080218778486,0.03458603753727417,0.03250561568307127,0.03627057981388689,0.069073375780429,0.03779698703375222
Uzbekistan,,,,,,,0.044955543458537466,0.030081862116579546,0.028080513751312458,0.03514469610099098,,0.038832745160945356,0.0279680169462449,0.021749984130006984,0.01377174591983772,0.013631513587033376,,,,,,,,,,,,,,,0.1097645915895998,,,,,
Albania,,,,,,,,,,0.044246994252472825,0.0358251376938142,0.035788271458686446,0.038438406566192594,0.041474128896683914,0.04269752801051336,0.0461292952593064,0.0466321103763279,0.047343752017526115,0.0542898862467715,0.06226081056726987,0.06256197865017792,0.04642727214363671,0.05303741524609514,0.052838645021173206,0.05267900095949139,0.048264855360210294,0.04243784982765553,0.03778892513164128,0.03787234340077329,0.03803464449914086,0.03991300876216091,0.044051161958660615,0.03980756321324681,0.038699851386666394,0.0397041542821594,0.05619528755833318
Bosnia and Herzegovina,,,,,,,,,,,,,,,0.07552653799758746,0.05033630097645032,0.04320630568882796,0.03467684478371501,0.03134580703336339,0.027344844501128226,0.025230196014903613,0.028108110333470566,0.026300453514739225,0.02450069861099696,0.024440647628345944,0.024447803812883178,0.022214104796580654,0.023165114584176857,0.022258547860046225,0.02132504915454188,0.020781851311953353,0.02022684310018904,0.0182285387982996,0.018608227604767397,0.017509045680687473,0.019310854048732465
Bulgaria,,,,,,,,,,,0.06964682637688317,0.07244616234124793,0.07143541128028345,0.07847474121914536,0.07925349401623566,0.07524994276119973,0.06858345021037868,0.0656792900887389,0.06405326292831316,0.06729763150385237,0.06372850753005868,0.051509266003075184,0.0475325578699231,0.04112178374416541,0.0408945449132991,0.04099400171379606,0.03531824883020319,0.033376200017944196,0.03800916578534115,0.038159815130138657,0.042221044261860595,0.08736244642650295,0.042143155029741655,0.03930668157674029,0.042247731081807544,0.050192938592054114
Croatia,,,,,0.17187186322372017,0.2502414086728763,0.20611680877913272,0.18270619432977275,0.15693168700446333,0.14578046804803724,0.09861750947414508,0.07503238326534038,0.05543803792547906,0.05396791219257159,0.05409796283696731,0.04146443600815559,0.03560723900182647,0.03826884173181798,0.037158557237130754,0.035209951638514835,0.040200798954849536,0.035583287324240875,0.034423156459929855,0.03597183550947393,0.0352367423944199,0.03372795896220402,0.037218887464498786,0.03709232919150048,0.034843025152311836,0.03714393577361951,0.03423139377991036,0.036281651187680446,0.031522456639171054,0.040579552705032766,0.0403588928618726,0.038988408851422546
Czechia,,,,,,,,0.03328832132686134,0.03999895114980203,0.03820911141005736,0.04167581894432906,0.04494489713628984,0.04582790873752343,0.04026561744641994,0.04071105230748747,0.0383556379158675,0.04026948014578937,0.04198333453056534,0.0378151811574403,0.03520666346307865,0.03015693655962137,0.029545617805852808,0.02738417647767911,0.024957079832651247,0.023798809895277356,0.02380017205080026,0.02266960361936229,0.0225730945911807,0.0250591301702844,0.02454218264505539,0.026812627476689974,0.028067747850810048,0.028006884834815896,0.030045617579663567,0.03087107036545684,0.03300614923598171
Estonia,,,,,,,,0.02354553492484527,0.02241912798874824,0.02874160048869884,0.02716733870967742,0.0314968152866242,0.037847593582887695,0.04289807613589849,0.04618674269422666,0.049543080939947776,0.04954954954954955,0.04300209638561665,0.04149819824230374,0.049127531609069214,0.04479469570283733,0.0392346509074744,0.042220226640114294,0.044864605031244995,0.04835039817974971,0.049683457197908065,0.05098401796328094,0.05125689760882895,0.05252100840336135,0.051224467971339956,0.05115868028279655,0.05202999268471105,0.05112391463117747,0.048539222452265926,0.05453143618139763,0.06770384946501044
Hungary,,,,,,,,0.023868614044448858,0.024555019294407367,0.029666548000474666,0.024998397538619318,0.029220699543897662,0.03202008705659313,0.033272633568115446,0.03130353404863914,0.03345542929749771,0.030211527654353157,0.02858624817607331,0.023727068925389682,0.025414835117746327,0.02420279740811759,0.022270698392455615,0.020936861084547218,0.02113897497394831,0.020899540371606677,0.018844757359953092,0.017140479455016906,0.01795806730145322,0.02141176803868776,0.025548171272729653,0.02182568750915654,0.028973774738944455,0.03445884810098947,0.027353478149703646,0.038053373876279176,0.04411885452693962
Kosovo,,,,,,,,,,,,,,,,,,,,,0.0006719745222929936,0.017931589204025617,0.024172794190871368,0.027118866124260354,0.023468027102154274,0.02463107738896366,0.02735888617886179,0.028580038681039952,0.02731937172774869,0.028495812395309884,0.02729755849440488,0.027801042160113688,0.030585430463576157,0.029129381220250977,0.03988499025341131,0.040220880913539966
Latvia,,,,,,,,,,,0.01587443946188341,0.019107505070993916,0.024345022168480453,0.030316035895435037,0.045012165450121655,0.048856416772554,0.04766153014328196,0.046675191815856776,0.050638812154696136,0.047071409467772135,0.044638851502916105,0.03248510427010924,0.025395180098471106,0.026855258150450336,0.024456187784195647,0.0251530852567122,0.02496080627099664,0.027742707879843273,0.04014184397163121,0.04367255738370912,0.054153901603892586,0.053594657878761595,0.05223880597014926,0.04832997708492466,0.05176470588235294,0.05631658905704308
Lithuania,,,,,,0.021958819440658566,0.013548015344459917,0.013738280088362075,0.01571160716728869,0.02291832466928455,0.03339027622959346,0.02458046719005243,0.03392087641494026,0.03887419311734711,0.03833070971218962,0.03496572459514969,0.03602788833155294,0.03477090478944048,0.0345026827449192,0.032294195389499444,0.030518918716216575,0.024771786224332824,0.021326565001263793,0.019075966092597443,0.02177082360041718,0.02202696746114319,0.025859345864593892,0.03307386938584884,0.04437065637065637,0.052839830632209074,0.05931473258665253,0.05914759656132703,0.04932950191570882,0.05279755363371399,0.06781264136201012,0.06928566479595372
North Macedonia,,,,,,,,,,0.06463482797168053,0.06394743883223832,0.05165702694553329,0.05779374089516251,0.16327850772542654,0.06927033759290387,0.06504771061419017,0.06976355759695183,0.06245656924473891,0.058390003513203004,0.06200786226538983,0.05160700772448848,0.05029966368679755,0.0425140855472789,0.03962196523973761,0.03684403811585519,0.03692219622052792,0.03446260495413392,0.03083039065449619,0.03118622448979592,0.028178433359989,0.031160260768707756,0.03690781550229381,0.03407952847690818,0.04121451447405242,0.04628307343432677,0.047006723198436406
Montenegro,,,,,,,,,,,,,,,,,,0.07056277056277058,0.05384615384615384,0.03977947413061917,0.03663303909205549,0.03591411841249187,0.03888888888888889,0.038633288227334237,0.036244841815680884,0.03168851395197923,0.03329627207325049,0.030264896755162248,0.02969930814262906,0.028931851851851854,0.029023636363636363,0.03034588883785025,0.031976263736263735,0.03469878433138226,0.03723012385137835,0.03738977072310406
Poland,,,,,,,,0.0409831888381343,0.038581884168952384,0.04382540838796647,0.04560942510328443,0.04501229036920339,0.04244226471318599,0.04241067607128794,0.04195847426700872,0.04176821457683698,0.043104957742171754,0.04353949380377479,0.04321003496165157,0.04666705925075327,0.03966639723453451,0.03993044030187872,0.03995821008927845,0.04059833085284753,0.041782427566751094,0.041424633223073,0.04472499396982721,0.05128685904908323,0.04715759406584283,0.04591265806600873,0.04933529844912425,0.04716547396188771,0.047411403796536834,0.05086253113714133,0.051009200325331856,0.08119155968430838
Romania,,,0.1182121212121212,0.12376470588235293,0.10122529644268775,0.08110782865583456,0.09316706730769232,0.0797685554668795,0.07326813365933171,0.08995796356842597,0.0848993288590604,0.07567288319470993,0.07167813658020117,0.07357443748073564,0.07146278555637435,0.06798395021290535,0.06064433083583286,0.06213360673429743,0.05449719948298147,0.04321161335045977,0.039691818052907724,0.03519623201336224,0.03277925005933075,0.03532209694066328,0.03507692825640508,0.03781922524442797,0.039925434944369634,0.04246465044818549,0.0448779835416745,0.05589394346629518,0.056460172919754324,0.05510575552764882,0.0526286070616656,0.0498782986720404,0.04684535081517499,0.043681425815141964
Serbia,,,,,,,,,,,,,0.16431928505830512,0.11912354473618783,0.09812948735511894,0.08228883046975245,0.07282522849698263,0.05711060825291833,0.05124497070370639,0.05333355245858533,0.046937940441009324,0.050430446837517816,0.048672394857548935,0.04812300531914893,0.043672906816476786,0.04492146056396992,0.04331296332056687,0.042808556713352805,0.04168545575548283,0.04762902161911201,0.04022502284131351,0.06011176476563848,0.049280330056922055,0.04969561435997636,0.062353085110692,0.06423621800740092
Slovakia,,,,,,,,0.06495136491998744,0.05561898270426855,0.04678922185847394,0.03799950968374602,0.032764405543398975,0.03130835527890831,0.04061657032755299,0.03902740937223696,0.045513164965072544,0.043495145631067954,0.04226665337056243,0.041060329067641683,0.04063710344227338,0.03944827586206896,0.03414959772336015,0.029643177582993997,0.025802539832249807,0.026225393050601137,0.02304045512010114,0.022767870659117742,0.024350827215952664,0.02623282718727404,0.027960526315789477,0.030796847390121448,0.04206401045068583,0.04294903986417008,0.03818814111677348,0.04277394305435721,0.041883304448295786
Slovenia,,,,,,,,0.029513195435092725,0.03398796498905908,0.03086492513539344,0.02942494714587738,0.025737037037037037,0.02305623744699844,0.026697408018638968,0.02945367957588283,0.02983275376718,0.03073280546498991,0.030611534759754203,0.033865745586490824,0.03324006568144499,0.03313630245215661,0.03213343763969602,0.031949961635426946,0.025407757202737833,0.02364052981612921,0.01737177969959035,0.019152294345144767,0.019095165125495375,0.021755008034279592,0.022277868636243738,0.02249548691204493,0.024282256916433348,0.020612582781456956,0.024943924510789695,0.02747129864320859,0.028299026378735305
Armenia,,,,,,,,,,,,,,,,,,0.1445280859800083,0.1473773176470588,0.1357100468940981,0.1527066029769482,0.14558815496554822,0.16280770490772575,0.15437792904552877,0.15988405530377972,0.16797498362682065,0.16437129883807253,0.1609986220190809,0.1512268439139349,0.1479150699119627,0.17130704591314924,0.19225930380989786,0.16257145119151295,0.15576161253305393,0.15473492702634006,0.19960655435953875
Azerbaijan,,,,,,,0.08023255813953489,0.14673366834170853,0.11407407407407406,0.11504702194357366,0.1338709677419355,0.1346467391304348,0.12427409988385599,0.13778026905829596,0.09693513898788311,0.112015503875969,0.108567279767667,0.10220127795527156,0.1350832806240776,0.10987420532936562,0.1046834138996751,0.09636955636955637,0.08733328420897501,0.13843483210017074,0.12715895492620663,0.12019471361630497,0.12522593869374826,0.14121168923734853,0.10412034009156312,0.10559952038369305,0.10696090604658162,0.11835692561859348,0.13055355365661142,0.15273198617388992,0.1449764776323668,0.14706208102593998
Belarus,,,,,,,,,,,,,,0.3280212483399734,0.30938292476754015,0.2885783718104496,0.2984615384615385,0.32210109018830524,0.3502196950116309,0.32449392712550607,0.23428961748633884,0.25677147134884987,0.3026604897418928,0.3038933764135703,0.3160581744764767,0.31136839221130314,0.2683901067297246,0.27246252163493545,0.37442787615201406,0.3514193673400184,0.40640081225292174,0.37384107934110916,0.36883711948316417,0.3762948765893792,0.45654319201273336,0.505913118885667
Georgia,,,,,,,,,0.11696306429548564,0.05565302144249512,0.05850409836065574,0.04548611111111111,0.03539486203615604,0.04280762564991335,0.06089795918367347,0.06462316384180791,0.0708876050420168,0.15028776142525174,0.22403486924034866,0.32218588283999167,0.2608249077194672,0.15655954044403042,0.11803732866724993,0.11165045059445565,0.10500078472645358,0.09483862105636297,0.08408425328109102,0.07289008042895442,0.07336516522423289,0.07138157894736843,0.06978144329896907,0.061373360454513574,0.052382074082798415,0.05105734199271345,0.04973870891463702,0.05539119496855345
Moldova,,,,,,,,0.022034520749173708,0.020941943127962086,0.01964852330973883,0.01598429613011778,0.015486725663716816,0.011382844812084156,0.013642831732479545,0.013657340640323045,0.01242840159948125,0.010370224215246636,0.01078248425872925,0.011976711948988078,0.012085359975461198,0.014664317720500938,0.010107762557077626,0.0077098276506781796,0.008382302645897462,0.008140680877425168,0.00866964078496093,0.008680337431571391,0.00932863102662251,0.011299913284056655,0.010476120607438926,0.010540354644432887,0.011321469714424303,0.010506994199931763,0.010922904173734382,0.008984398350170363,0.014045134435074769
Russia,,,,,,,,,,,0.06905492303977248,0.08988588391990428,0.108196133679007,0.11302519336137018,0.11138495409477651,0.11292254536232418,0.11170387335603907,0.11336309589262021,0.11206534029513221,0.09787337260009597,0.09863156325867783,0.1019201985999798,0.1012229332915547,0.1032146099081504,0.10841554935723063,0.11122177889209996,0.11772196321338044,0.1381071169498338,0.1482839500339679,0.12199181409435017,0.11403159144633712,0.11399000088659958,0.1058606787230267,0.10314186955004194,0.12944210452947794,0.16141408457646766
Ukraine,,,,,,,,0.06623711340206186,0.08615978138562932,0.09770887778144267,0.08747363338331343,0.1115540133635399,0.09913751643207541,0.07839037010227745,0.07334402397200145,0.07331208903351273,0.0625353213281517,0.06332446371332293,0.06215361917478529,0.06548953307245166,0.05635985543508479,0.060647487689838034,0.055788180961357216,0.0494151439151658,0.04805670933129816,0.0497384795006384,0.0662744847464688,0.08939440777905902,0.08994942850094564,0.07783361277199988,0.086713761630922,0.09801589366128492,0.09580844457187379,0.08460587433563518,0.3921224721551871,0.5817070988160523
Austria,0.027027501976979174,0.02635711270578303,0.02545085486767117,0.02411183788636655,0.022390210669741117,0.020575137225118237,0.020262791640639554,0.019012255498741984,0.01862210229846572,0.019461168886456243,0.018307218301565016,0.019444742410797,0.019315902810510068,0.017650434859388105,0.016819344201618465,0.018231843744330893,0.01657907677177454,0.016619219819958453,0.01559829534926811,0.018286421236305386,0.01745914731539501,0.01539275408784867,0.015543246043828117,0.0155406732517693,0.015200406880197068,0.014537368568918007,0.014291942997452785,0.013681178560043718,0.014573967239848322,0.015361000818272182,0.015280195474072536,0.01541676797252068,0.015570304159137021,0.015586566167685714,0.014556017933875192,0.01632577151359048
Belgium,0.04638372396318515,0.04470217809172278,0.042795964449783654,0.04062619993980843,0.0323730396735657,0.030054445442299058,0.03030957256562549,0.029340685124354764,0.02863815488547201,0.02825233483223798,0.02781414495883385,0.027604243286094902,0.027346303870631524,0.025993089552353153,0.02452260127306327,0.023922811661848203,0.023451375795830256,0.021145330613463357,0.02164663166056266,0.022610279796968915,0.02406508435097621,0.02135610755117337,0.020239811095096448,0.01902590813121913,0.01844549797801029,0.01797977049031614,0.017463370658145485,0.016926437675060645,0.016843874616438537,0.016981702445575897,0.017054556948337674,0.017117751712700954,0.01721897815607444,0.018947202091518286,0.022265802908047774,0.02216516687120801
Cyprus,,,,,,,,0.09892933618843684,0.13789107763615296,0.1636998254799302,0.13739967897271266,0.08053892215568863,0.08070175438596491,0.08827856792545365,0.05691788526434195,0.04915188897455667,0.05061636159880463,0.05133435322114568,0.04856230031948881,0.04484645788993615,0.04264280798348245,0.04337210788699987,0.0444362292051756,0.0413046080191502,0.03950042855393658,0.03817116524028966,0.03826475595913734,0.04175398954949865,0.03766713681241184,0.04306652244456463,0.041316587267215245,0.04685979404775377,0.043417280917280913,0.04387989656163202,0.047093293647102595,0.04616399788843921
Denmark,0.03642103839598203,0.03519203169333131,0.034880357332766135,0.03465595483836954,0.032937787597516345,0.031587685343786275,0.02936257422144947,0.028796001397928168,0.028359668292033586,0.028904196812594804,0.029028236737439896,0.028695413283075497,0.027662432217099815,0.029001806317003807,0.02834105742298785,0.027346547911930492,0.02686367446353464,0.025594266884217932,0.0276439698138777,0.026360345023529606,0.026879263545618218,0.023881614895094265,0.024678703315762298,0.02327739236400971,0.02332529023446392,0.021985795850160143,0.02081356551944787,0.02038311208775374,0.021868643493197126,0.022517207472959686,0.0252737026013819,0.026075100191671027,0.025751923619224105,0.026104446123811322,0.030392641599761416,0.04100016788688803
Finland,0.03152857030161193,0.031703799482792915,0.03215111256391697,0.03088826988548437,0.03033359193173002,0.02847758674471091,0.027363978151379725,0.023720898754737412,0.02618784159876605,0.0279494936209391,0.028489632193575518,0.024505517056307127,0.026423348540716204,0.02472701708199958,0.024305831582533643,0.029936346794414755,0.030456627784114825,0.02977544171950248,0.029887103149420127,0.02758349016772542,0.029055554245628286,0.028855705417317416,0.027674241539553206,0.02776078095435333,0.027536270894457753,0.026996993634084778,0.025350638829347332,0.025667652058855548,0.025511805819467624,0.02519547503110298,0.025524983349782943,0.025379877438719358,0.02493314918750551,0.023157247718224895,0.029664376784949938,0.04440723692371979
France,0.0587778044320816,0.05849116773094219,0.05622724772588174,0.05511945173771152,0.05142676022675468,0.04898759129407799,0.04896963771226813,0.045726067917618136,0.0442295444506778,0.04379563303914382,0.04227793239136651,0.04159166822546884,0.04036642475730779,0.03926453519755831,0.03875838638058262,0.039340352495555245,0.03971608163693358,0.03797244533038366,0.037353601972220776,0.0362884475897069,0.03559471567434809,0.03671183390096683,0.03462290099152394,0.03360069663065411,0.0327642861801385,0.032324796104075536,0.032561459713551656,0.032963597118703246,0.0338228115001895,0.03377923755968321,0.03312112522812061,0.03317786343242322,0.03254402498030831,0.03241615234692221,0.03313910729602579,0.03566871389327181
Germany,,,,0.04283149040404851,0.039163718982155114,0.03506704285679938,0.03212516786985694,0.027185706511557755,0.029738064265184633,0.029104768149374325,0.028944180781779457,0.029012074846591705,0.028553474927403868,0.028004902094334025,0.027881100829396713,0.02736809220758546,0.02721641345672232,0.02275964476717596,0.02651249884141255,0.027016840746715832,0.027353919007765164,0.02719076812147432,0.026314661331346093,0.026662166398581884,0.027643167847932915,0.02637173971540276,0.025956287106573935,0.025765957223815122,0.025955737681336626,0.02610983738316462,0.026410717350496115,0.028039297958348256,0.027233957079146245,0.025934820362531207,0.027833755617421043,0.03081088081611102
Greece,0.10810180375861743,0.09427765760197775,0.08591844997108156,0.08623751216763155,0.0856575944552447,0.0811759431932291,0.0844884051738397,0.06638230278679717,0.07015456815637648,0.07310036700175522,0.07398161082132436,0.07280976210141055,0.0746430804422417,0.07070426358804366,0.06719609938551964,0.053526483114390254,0.054724242982750956,0.06225847672343519,0.06169372888943149,0.056922430793952226,0.058669061532334754,0.05962605764814858,0.051932766029151575,0.04575956596230726,0.04550765611253349,0.04552817684282538,0.04636815588402123,0.04814757350415036,0.0515032589736528,0.05285985709456703,0.05601414823491582,0.05455742020401448,0.050989610598799986,0.06695093914851807,0.07613680065928029,0.06565330299053929
Ireland,0.02493897209210266,0.026145987363892995,0.027730479202140598,0.027856254944061475,0.026269062043033215,0.026169746957894202,0.02569000095501862,0.025162925416364952,0.025697408700901134,0.025589843905944352,0.024083236321303842,0.02307309796121333,0.022734810794512287,0.02184317718940937,0.019277216208963235,0.01798452220726783,0.01730263029617642,0.01637149258508482,0.015289302805214056,0.014274730907227062,0.01388410638571245,0.01282515951221354,0.008856832492543359,0.011531918041275242,0.012065732729756515,0.0123589954713874,0.01226215644820296,0.011764397974272742,0.011933749703533874,0.01172845845743042,0.01132822878674428,0.011476640262349598,0.009847481732136726,0.010139800609144737,0.010300165621452629,0.01016360112816431
Italy,0.040224833504670814,0.0383016439462048,0.03290179358167541,0.03179386580353284,0.03003952644538225,0.030109301565187718,0.030301546336717035,0.02834242853138189,0.030768800265918432,0.03279301811966824,0.034053096591478975,0.03555414674325428,0.03734576042066929,0.035332188696604316,0.03641442160084241,0.03612366040012828,0.03579569415517844,0.033888825430118195,0.03183152469056779,0.030930731547186494,0.03210450731518016,0.030408584010419897,0.030053301776560147,0.030014726813901917,0.028205640548868045,0.02745788412368675,0.025227754115692492,0.024012269982843632,0.027198019861462395,0.02783587015437737,0.028088072837986807,0.02705728793474067,0.030516408724981806,0.02990248972779887,0.03044705491401512,0.030434517926222076
Luxembourg,,,,,,,,0.01489651841838675,0.014687807120934687,0.014904963970490903,0.015307053346359699,0.014451679114070862,0.01438645874848943,0.017755528633524798,0.014098819745592343,0.013989706850761074,0.013868733259323324,0.013459713154077239,0.013216948994839196,0.01341533371780309,0.009621721365493609,0.008696695255802795,0.010510932493957618,0.009078060447923461,0.00858391159085068,0.00869307517534328,0.009032994199866884,0.01029512697323267,0.009463301937089035,0.011994502519678481,0.011835948252133223,0.012676108694844057,0.01231023102310231,0.010990073482016242,0.014332012889112249,0.0162266737232072
Malta,,,,,,,,,,,,,0.01463631221719457,0.01500263852242744,0.01462283384301733,0.013844413665743306,0.015817695673310646,0.019468462246777164,0.015475614035087721,0.015097509497678343,0.014639112131649446,0.016549980552314273,0.016362730627306272,0.01426285916991841,0.012689092096668846,0.012632366697848459,0.012187982832618027,0.012229641267347473,0.014073779342723004,0.013919523462193046,0.012071915619007032,0.014057843137254902,0.012535187945024012,0.011275166767738024,0.010797534445250181,0.013772391017173051
Netherlands,0.0492540845806062,0.049188485439064525,0.04733413099695087,0.04423100443907248,0.04301907639424093,0.03893461676979996,0.037767013928932974,0.0333487582909147,0.0374187824870052,0.036477923016685745,0.035636230969243864,0.03606102028541747,0.03384221792930611,0.03337025621267579,0.03266158323472572,0.0323025374332484,0.032687405047676345,0.03279296483697297,0.03211383556296796,0.031728139621970644,0.030034450026130824,0.029182079736950268,0.027517393253171714,0.02732600422005603,0.026272541630976767,0.024895916836906208,0.02516406075821758,0.025255844764351384,0.026660025164393353,0.02724514214607064,0.028776826722976174,0.031296990011474686,0.030132207847429468,0.030349494133544753,0.031088383650619663,0.03388404820571766
Norway,0.058693589284880915,0.05945501526896876,0.05791094397209506,0.053980057290334345,0.0566573188562115,0.052428616976464365,0.05424124583914836,0.04676816885699555,0.045985514754349505,0.04431365827448276,0.045097062857615375,0.04388405047966564,0.04124329567957157,0.03939465559773698,0.04496967480418152,0.04133657288341497,0.041172963941006877,0.03771647032034612,0.03568850999193894,0.035607421943659234,0.03446648505544258,0.035024317448331045,0.033899197376370066,0.03334128466024529,0.032857910882008796,0.03233846405885813,0.0323330512682439,0.031079298803724693,0.03208467292694573,0.03463887275728215,0.03596452146181895,0.03672560735863371,0.03465812444616466,0.03621325366214353,0.03895688080235636,0.04001922614756068
Portugal,0.04362487919326187,0.04440880206637654,0.04237879203757507,0.03878443829817547,0.03676868079023237,0.03760432443374769,0.03858699018010684,0.04008064400306067,0.03721001471538526,0.03635082643127714,0.03338275913755739,0.03354240293466757,0.032842035466823655,0.03275021888795162,0.03315422826368986,0.03162759787336878,0.03272815506265879,0.03409934284210669,0.033488743839083526,0.030929813116389728,0.031229219515799326,0.030545182124655217,0.02867533470648816,0.029822450276995732,0.028756168112982813,0.028867844722248334,0.0252996154190144,0.027553367312737654,0.03437141216991963,0.02726751183954464,0.030995694416266543,0.032390310384243386,0.029040263357812107,0.0320177106800472,0.031666728923088416,0.03442202868942682
Spain,0.06148968293910418,0.05620547049482419,0.053285661163171204,0.04765014436329905,0.04442029583357888,0.04116269971004861,0.04240081611780482,0.04220688364948626,0.041016367791087645,0.04031498293436115,0.040754857044966376,0.04385787741064784,0.04401431994095195,0.0424224767337359,0.037683067052937246,0.037069389452075704,0.036844637349263964,0.03604830506337272,0.03564408400656252,0.03472430389101004,0.033000328387227267,0.02938210395363656,0.03013786539493535,0.028856828032327444,0.028777377414270368,0.02742903910531929,0.027659988079801242,0.028837266599421752,0.026779914963398762,0.029773125253766148,0.029998986816697264,0.029153027046322808,0.026332065478476028,0.027054794520547945,0.030438422379421626,0.03206465843611775
Sweden,0.040000224546906445,0.03985119922179777,0.03968083900226758,0.035379700856827255,0.03273061683884959,0.032944152038971566,0.03231671809134762,0.02807853785488514,0.02456451086416599,0.03277366963803349,0.033458696887640825,0.03358722437353986,0.03472795691225725,0.034206152252398515,0.030986275742118416,0.03004790519813422,0.027815755878598195,0.027422583069015277,0.0263075457585076,0.02687960443146364,0.023747869509314356,0.022593490910363,0.0240348770013484,0.022605307045788545,0.022645317401685242,0.02198102090181728,0.022674726371670707,0.022039628452938182,0.021597000919792258,0.02120985308222555,0.021157911717509616,0.022729349772554187,0.02246209380664535,0.024611960804351036,0.027598728145019475,0.030612781164599537
Switzerland,0.05375463933709339,0.05342573166338187,0.05521370201258108,0.05067567567567568,0.04727550431808396,0.04090612901989345,0.03983239472386956,0.0405585008195874,0.03780118309046314,0.036035716313667594,0.035265290211201915,0.03181279780332194,0.03111081872306832,0.03050818631972108,0.027321042006178096,0.02717512032580526,0.02627468717020956,0.025728906625237927,0.0246855169232407,0.02438068676205349,0.024124606664021782,0.023061125307664573,0.021877867264756854,0.022098258955373224,0.021133534885547135,0.021890309139028098,0.019729409238181495,0.0200638205646091,0.020497004598861883,0.02051196643905601,0.020560585885486017,0.021769544094687357,0.02089905791529781,0.019561824495688475,0.021895289572782754,0.022024668933289863
United Kingdom,0.11333291804089914,0.11063450223676585,0.10473097599391153,0.10559486339804594,0.09380892394705945,0.0871951695905988,0.08285155576557024,0.0757240943876998,0.0762766298130711,0.07354950629341961,0.07256020880706174,0.07125089714590706,0.069648505395956,0.0692207292408158,0.06917351833801966,0.06865611181438538,0.06563766674365669,0.06313960228186366,0.0618318869012024,0.06162525808781957,0.06088205588263971,0.059495679213606115,0.05758334509284608,0.057353922146229856,0.05536366743285062,0.05460837278675261,0.05301069965518455,0.050734495500073,0.05002925900897195,0.04992850494809693,0.050074957944584955,0.051413467502130196,0.04325064877042557,0.04508104295900687,0.04709387852233911,0.05152399622424164
Bahrain,,,0.14285714285714288,0.169811320754717,0.1674641148325359,0.16773162939297126,0.1628614916286149,0.17091454272863568,0.19298245614035087,0.1361079865016873,0.17588652482269504,0.17018633540372669,0.17153748411689962,0.14644351464435149,0.14521739130434785,0.15914684167350288,0.15527950310559005,0.1290106951871658,0.12866507747318237,0.12662473794549267,0.11841644794400699,0.14084124830393488,0.10118135376756066,0.11452991452991454,0.11888205402514042,0.12471080482402166,0.15550883095037846,0.1272471250880075,0.13350966981132076,0.13427306616961793,0.12039404736952423,0.12330526315789474,0.11332332117571339,0.1104401445885605,0.10660385878489327,0.10754443985117815
Egypt,,,,,,,,,,,,0.09789060843756624,0.09815386601542749,0.10715509201986945,0.10601780829701059,0.1037041442995435,0.09554096611316433,0.0895487731687847,0.07545411185750137,0.07612186295013398,0.06671410098962294,0.062492670514003874,0.062280218882512776,0.060134737779029133,0.053449053768563,0.046505941041393994,0.04736533179618582,0.05227304323647992,0.05091340830625393,0.04417631312724375,0.04151739934279961,0.0417571868003375,0.0450697053651625,0.04764008766311979,0.0460361764842528,0.04147395223150531
Iran,,,0.14478505444599268,0.12487618545837724,0.09896932843812146,0.0513950299434712,0.07598895633544175,0.08498503895700156,0.10649251686701598,0.11867992885363969,0.1294323803361775,0.12568412759316425,0.14036992006968235,0.14573763982792381,0.11104659836079793,0.12125768230405622,0.1489580341239661,0.13612542107872566,0.14320677692347358,0.1525308319179856,0.12983631303715065,0.15690670877186597,0.15967540399392896,0.13010018098461607,0.19323289286952441,0.15611274522793722,0.1480313814321954,0.15549104123056565,0.15406504480657976,0.1604870972510355,0.13917744264427862,0.1434037569429618,0.1439056961034751,0.1632924528358118,0.15486807895663368,0.1353116458652462
Iraq,,,,,,,,,,,,,,,,,0.018322301609733332,0.03548089135452211,0.03770341834487429,0.048564821245088624,0.04135517275016682,0.04919460476437571,0.05465119520940434,0.05311236777609201,0.04428774824917015,0.0687233339797823,0.0673921106433613,0.12453842695760522,0.08379146525509362,0.11012865022985169,0.08840581421436078,0.09342544347762217,0.07425724373854048,0.06226050475821046,0.046613906111573004,0.04150141146228352
Israel,,,,,,,,,,,,,0.14070348947813482,0.13693846843018115,0.1276141237770946,0.13812111878880842,0.14310946233766234,0.1431201252511099,0.1411001233992936,0.15388589952444423,0.1516681725896097,0.14475712182872974,0.1460993424276389,0.14354028824951515,0.13970166379804932,0.13725136977648428,0.14737313876478073,0.14479218068803787,0.14355888177352571,0.14176158334379338,0.13520182257173347,0.13132921712285583,0.1179235128947662,0.12363959288557463,0.12177565807007432,0.14590182139353436
Jordan,0.21032504780114722,0.2119460500963391,0.1751227495908347,0.22080838323353294,0.1918649270913277,0.18871866295264625,0.18700787401574803,0.12331180270111566,0.163265306122449,0.17736486486486486,0.17451660882498762,0.18634496919917864,0.18316251830161057,0.17789373814041745,0.1592082616179002,0.16066666666666665,0.1362594169669178,0.12334293948126801,0.12812982998454403,0.1604911203683403,0.17652444607214793,0.18505899950141266,0.1792997244285946,0.15153907922912205,0.12639912969902092,0.12480535279805353,0.11814568113450795,0.1280259044216168,0.15608150080755373,0.16244397263505544,0.15010799136069117,0.1520177009798757,0.15057767691355475,0.14563701470033924,0.14476322948661693,0.144887962285511
Kuwait,0.16814002828854313,0.20171957671957672,0.5256201708011387,0.5747809762202752,0.34996220710506426,0.2026813880126183,0.2265570733966196,0.24881463084217656,0.23118151500714623,0.18515294702810245,0.16913910505836577,0.16897305171158047,0.19558707643814024,0.17929182992308806,0.17673124484748556,0.1766710850217762,0.1697129026873644,0.1544461190655614,0.11100478468899523,0.11936224489795917,0.07441424554826617,0.09414347893673247,0.0839527027027027,0.08964707299445916,0.08795145682407064,0.0857637598853564,0.08097311670569868,0.09204345507864571,0.10910338261648746,0.10778772445657882,0.10019889911651787,0.10220920158679495,0.09873505699193773,0.11983610535139189,0.11225835704125178,0.09448221081423928
Lebanon,,,0.191442888346396,0.14680745478606086,0.22403601591648278,0.2644849785407725,0.1499042628237428,0.21872384577980475,0.131664969600882,0.10766260766260767,0.11727746823363633,0.13584138590789496,0.1275486995855122,0.14184202234330875,0.1309741393093795,0.13009892939422688,0.1354789023855208,0.14248973062468637,0.12679427233342308,0.1318711352533224,0.11700649210156402,0.1255632827264636,0.14146766487198065,0.1413489485874905,0.13206331860313003,0.14280224095641972,0.1636963430547411,0.16824280572040218,0.1801739631922137,0.15057807466031098,0.15639590215639831,0.1520310512504238,0.1547973552178439,0.15237042363423073,0.10719608417193859,
Oman,,,0.29613031914893617,0.25773237179487174,0.26479800272355875,0.2509746146872167,0.25827441449403443,0.2501396648044693,0.24505543237250552,0.25439732142857135,0.22738896366083444,0.2199743918053778,0.22696482035928142,0.24630411826821538,0.2372605680317041,0.23449984515329822,0.23068854222700372,0.25188950011958866,0.2362195121951219,0.21863827549947426,0.193872870249017,0.18195615514333902,0.18469841685202146,0.18705856600836657,0.27396402988523455,0.24806078893141004,0.21393442622950823,0.2148850148367952,0.23676094040968343,0.21338105726872247,0.21574389972558036,0.19184120335110433,0.1803061773982614,0.18149024728637883,0.16984266401894144,0.2065736320235035
Qatar,,,0.252522151065883,0.2790464777882393,,,,,,,,,,,0.12463442069741282,0.1160551017920273,0.0842240862792091,0.06858519808076091,0.06152540760007613,0.06979527211134841,0.08738850731889237,0.06063663335014834,0.04899870893702483,,,,,,,,,,,0.2198661005027744,0.268806899856253,
Saudi Arabia,,,0.3544358660225145,0.3544358660225145,0.27255133907447715,0.3283410506147214,0.3130129299258809,0.2844885057471265,0.2525023092415088,0.307226084048198,0.4116121224876355,0.3736924842662953,0.31794148748678186,0.30912961489154,0.27208627450980394,0.26232462686567165,0.25990719257540607,0.27461461421013594,0.2878124188100805,0.28951472381948073,0.27561965195654264,0.2594633746401511,0.25947489317709815,0.22014152655134872,0.23099374398984734,0.2526554837775727,0.2655260389268806,0.32652578174155344,0.2774781496111032,0.30705065056356584,0.25937056778679024,0.23145420207743153,0.22505089567084677,0.2281000644894266,0.22672247702511467,0.24044519997631913
Syria,,,0.2429952136707058,0.30426759587103547,0.26317986688196604,0.24613917860459764,0.24335936479745085,0.23354678469271242,0.21817031930295888,0.2030433353548166,0.20148860723940595,0.20731893243425725,0.19019510256677352,0.18880156754003735,0.17379832835483353,0.19142976934419825,0.17689164130369056,0.17839304898505381,0.16479924687333658,0.1592923079884875,0.15468167396187962,0.1505224165120112,0.13621820528727813,,,,,,,,,,,,,
United Arab Emirates,,,,,,,,,,0.1915982163811312,0.20607247796278158,0.20652000637653437,0.2618588226728312,0.22245089845382365,0.2285465217643982,0.23402977250139248,0.26042587718842,0.23224904482385497,0.20643263384977448,0.18581662919198202,0.16710838825361374,0.15593095512082855,0.18741563730820698,0.17548514062227535,0.1742759289885331,0.19914888524220406,0.17038767845564756,,,,,,,,,
Yemen,,,0.24595280385688914,0.2833639284075264,0.29545411764705887,0.27419115023194957,0.33352214394448965,0.26321177223288544,0.17204348303502798,0.16963916895511338,0.17745978479430466,0.18311589783258705,0.15511536452110664,0.1797691613995552,0.22400813694421762,0.19408849177122459,0.1551826907924937,0.13240205469001645,0.11529592621060723,0.12021788773144819,0.10778534931021887,0.16054726451303822,0.15513254563726303,0.16509569515489397,0.12628744040470213,0.13246394909316594,0.14279624893435636,,,,,,,,,
